2026-05-09 00:48:16 [main] INFO  Utils - [Utils] MethodGroupsHelper.collectMethodsByGroup() took 0 ms.
2026-05-09 00:48:16 [main] INFO  Utils - [Utils] MethodGroupsHelper.sortMethods() took 1 ms.
2026-05-09 00:48:16 [main] INFO  Utils - [Utils] MethodGroupsHelper.collectMethodsByGroup() took 0 ms.
2026-05-09 00:48:16 [main] INFO  Utils - [Utils] MethodGroupsHelper.sortMethods() took 0 ms.
2026-05-09 00:48:16 [main] INFO  Utils - [Utils] MethodGroupsHelper.collectMethodsByGroup() took 0 ms.
2026-05-09 00:48:16 [main] INFO  Utils - [Utils] MethodGroupsHelper.sortMethods() took 0 ms.
2026-05-09 00:48:16 [main] INFO  Utils - [Utils] MethodGroupsHelper.collectMethodsByGroup() took 0 ms.
2026-05-09 00:48:16 [main] INFO  Utils - [Utils] MethodGroupsHelper.sortMethods() took 0 ms.
2026-05-09 00:48:16 [main] INFO  Utils - [Utils] MethodGroupsHelper.collectMethodsByGroup() took 0 ms.
2026-05-09 00:48:16 [main] INFO  Utils - [Utils] MethodGroupsHelper.sortMethods() took 0 ms.
2026-05-09 00:48:16 [main] INFO  Utils - [Utils] MethodGroupsHelper.collectMethodsByGroup() took 0 ms.
2026-05-09 00:48:16 [main] INFO  Utils - [Utils] MethodGroupsHelper.sortMethods() took 0 ms.
2026-05-09 00:48:16 [main] INFO  Utils - [Utils] MethodGroupsHelper.collectMethodsByGroup() took 0 ms.
2026-05-09 00:48:16 [main] INFO  Utils - [Utils] MethodGroupsHelper.sortMethods() took 0 ms.
2026-05-09 00:48:16 [main] INFO  Utils - [Utils] MethodGroupsHelper.collectMethodsByGroup() took 0 ms.
2026-05-09 00:48:16 [main] INFO  Utils - [Utils] MethodGroupsHelper.sortMethods() took 1 ms.
2026-05-09 00:48:16 [main] INFO  Utils - [Utils] MethodGroupsHelper.collectMethodsByGroup() took 37 ms.
2026-05-09 00:48:16 [main] INFO  Utils - [Utils] MethodGroupsHelper.sortMethods() took 19 ms.
2026-05-09 00:48:16 [main] INFO  Utils - [Utils] MethodGroupsHelper.collectMethodsByGroup() took 0 ms.
2026-05-09 00:48:16 [main] INFO  Utils - [Utils] MethodGroupsHelper.sortMethods() took 0 ms.
2026-05-09 00:48:16 [main] INFO  Utils - [Utils] MethodGroupsHelper.collectMethodsByGroup() took 0 ms.
2026-05-09 00:48:16 [main] INFO  Utils - [Utils] MethodGroupsHelper.sortMethods() took 0 ms.
2026-05-09 00:48:16 [main] INFO  Utils - [Utils] MethodGroupsHelper.collectMethodsByGroup() took 0 ms.
2026-05-09 00:48:16 [main] INFO  Utils - [Utils] MethodGroupsHelper.sortMethods() took 0 ms.
2026-05-09 00:48:16 [main] INFO  Utils - [Utils] MethodGroupsHelper.collectMethodsByGroup() took 31 ms.
2026-05-09 00:48:16 [main] INFO  Utils - [Utils] MethodGroupsHelper.sortMethods() took 0 ms.
2026-05-09 00:48:16 [main] INFO  Utils - [Utils] MethodGroupsHelper.collectMethodsByGroup() took 0 ms.
2026-05-09 00:48:16 [main] INFO  Utils - [Utils] MethodGroupsHelper.sortMethods() took 0 ms.
2026-05-09 00:48:16 [main] INFO  Utils - [Utils] MethodGroupsHelper.collectMethodsByGroup() took 0 ms.
2026-05-09 00:48:16 [main] INFO  Utils - [Utils] MethodGroupsHelper.sortMethods() took 0 ms.
2026-05-09 00:48:16 [main] INFO  Utils - [TestNG] Running:
  C:\Users\Admin\AppData\Local\Temp\testng-eclipse-2044965599\testng-customsuite.xml

2026-05-09 00:48:17 [main] INFO  Utils - [Utils] DynamicGraphHelper.createDynamicGraph() took 10 ms.
2026-05-09 00:48:17 [main] INFO  CashierForgotPasswordPageTest - ========= STARTING TEST: TC361_verifyErrorMessageKeepingConfirmPasswordFieldEmptyTest =========
2026-05-09 00:48:17 [main] INFO  TestBase - Launching Browser
2026-05-09 00:48:32 [main] INFO  TestBase - Maximizing window
2026-05-09 00:48:32 [main] INFO  TestBase - deleting all cookies
2026-05-09 00:48:32 [main] INFO  TestBase - launching URL
2026-05-09 00:48:46 [main] INFO  TestBase - Homepage Launched
2026-05-09 00:48:46 [main] INFO  CashierForgotPasswordPageTest - Initializing Wait Utils
2026-05-09 00:48:46 [main] INFO  CashierForgotPasswordPageTest - Initializing Soft Asssert
2026-05-09 00:48:46 [main] INFO  CashierForgotPasswordPageTest - Initializing Home Page
2026-05-09 00:48:46 [main] INFO  CashierForgotPasswordPageTest - Checking Cashier Login Link is Clickable
2026-05-09 00:48:46 [main] INFO  Homepage - Checking Cashier Link is Visible
2026-05-09 00:48:46 [main] INFO  Homepage - Cashier link is Visible
2026-05-09 00:48:46 [main] INFO  Homepage - Checking Cashier Link is Clickable
2026-05-09 00:48:47 [main] INFO  Homepage - Cashier Link is Clickable
2026-05-09 00:48:47 [main] INFO  CashierForgotPasswordPageTest - Clicking on Cashier Login Link
2026-05-09 00:48:48 [main] INFO  CashierForgotPasswordPageTest - Navigating to Cashier Login Page
2026-05-09 00:48:48 [main] INFO  CashierForgotPasswordPageTest - Waiting for Visibility of Elements on Cashier Login Page
2026-05-09 00:48:48 [main] INFO  CashierLoginPage - waiting for cashier login page title to be present
2026-05-09 00:48:48 [main] INFO  CashierLoginPage - cashier login page title is present
2026-05-09 00:48:48 [main] INFO  CashierLoginPage - waiting for login button to be clickable
2026-05-09 00:48:48 [main] INFO  CashierLoginPage - log in button is clickable
2026-05-09 00:48:48 [main] INFO  CashierLoginPage - waiting for password input field to be visible
2026-05-09 00:48:48 [main] INFO  CashierLoginPage - password input field is Visible
2026-05-09 00:48:48 [main] INFO  CashierLoginPage - waiting for employee id input field to be visible
2026-05-09 00:48:48 [main] INFO  CashierLoginPage - employee id input field is Visible
2026-05-09 00:48:48 [main] INFO  CashierLoginPage - waiting for password input field to be Clickable
2026-05-09 00:48:48 [main] INFO  CashierLoginPage - password input field is Clickable
2026-05-09 00:48:48 [main] INFO  CashierLoginPage - waiting for employee id input field to be Clickable
2026-05-09 00:48:48 [main] INFO  CashierLoginPage - employee id input field is Clickable
2026-05-09 00:48:48 [main] INFO  CashierForgotPasswordPageTest - Sucessfully Navigated to Cashier Login Page
2026-05-09 00:48:48 [main] INFO  CashierForgotPasswordPageTest - Clicking on Forgot Password Link
2026-05-09 00:48:48 [main] INFO  CashierLoginPage - Clicking on Forgot password link
2026-05-09 00:48:50 [main] INFO  CashierForgotPasswordPageTest - Navigating to Forgot Password Page
2026-05-09 00:48:50 [main] INFO  CashierForgotPasswordPage - Checking Forgot Password Page Title is present
2026-05-09 00:48:50 [main] INFO  CashierForgotPasswordPage - Extracting title of Forgot Password Page
2026-05-09 00:48:51 [main] INFO  CashierForgotPasswordPageTest - Checking Input Fields are Enabled
2026-05-09 00:48:51 [main] INFO  CashierForgotPasswordPage - Checking Email address Field is Enabled
2026-05-09 00:48:51 [main] INFO  CashierForgotPasswordPage - Checking Mobile Number Field is Enabled
2026-05-09 00:48:51 [main] INFO  CashierForgotPasswordPage - Checking New Password Field is Enabled
2026-05-09 00:48:51 [main] INFO  CashierForgotPasswordPage - Checking Confirm Password Field is Enabled
2026-05-09 00:48:51 [main] INFO  CashierForgotPasswordPageTest - Forgot Password Page is Successfully Loaded
2026-05-09 00:48:51 [main] INFO  CashierForgotPasswordPage - Entering Email Address  vikram.joshi209@gmail.com
2026-05-09 00:48:51 [main] INFO  CashierForgotPasswordPageTest - Email Address Entered
2026-05-09 00:48:51 [main] INFO  CashierForgotPasswordPage - Entering Mobile Number  123
2026-05-09 00:48:51 [main] INFO  CashierForgotPasswordPageTest - Mobile Number Entered
2026-05-09 00:48:51 [main] INFO  CashierForgotPasswordPage - Entering New Password Sagar@19
2026-05-09 00:48:51 [main] INFO  CashierForgotPasswordPageTest - New Password Entered
2026-05-09 00:48:51 [main] INFO  CashierForgotPasswordPage - Clicking on Reset Button
2026-05-09 00:48:51 [main] INFO  CashierForgotPasswordPageTest - Clicked on Reset Button
2026-05-09 00:48:51 [main] INFO  CashierForgotPasswordPageTest - Waiting For Presence of Alert
2026-05-09 00:49:11 [main] INFO  CashierForgotPasswordPageTest - Browser Closed
2026-05-09 00:49:14 [main] INFO  CashierForgotPasswordPageTest - ========= ENDING TEST: TC361_verifyErrorMessageKeepingConfirmPasswordFieldEmptyTest =========
2026-05-09 00:49:14 [main] INFO  Utils - [TestNG] Time taken by org.testng.reporters.jq.Main@188b6035: 479 ms
2026-05-09 00:49:14 [main] INFO  Utils - [TestNG] Time taken by org.testng.reporters.FailedReporter@3fc05ea2: 2 ms
2026-05-09 00:49:14 [main] INFO  Utils - [TestNG] Time taken by org.testng.reporters.XMLReporter@3bd3d05e: 30 ms
2026-05-09 00:49:15 [main] INFO  Utils - [TestNG] Time taken by org.testng.reporters.EmailableReporter2@25a5c7db: 15 ms
2026-05-09 00:49:15 [main] INFO  Utils - [TestNG] Time taken by org.testng.reporters.JUnitReportReporter@58b71ceb: 10 ms
2026-05-09 00:49:15 [main] INFO  Utils - [TestNG] Time taken by org.testng.internal.ExitCodeListener@255e5e2e: 1 ms
2026-05-09 01:29:23 [main] INFO  Utils - [Utils] MethodGroupsHelper.collectMethodsByGroup() took 1 ms.
2026-05-09 01:29:23 [main] INFO  Utils - [Utils] MethodGroupsHelper.sortMethods() took 2 ms.
2026-05-09 01:29:23 [main] INFO  Utils - [Utils] MethodGroupsHelper.collectMethodsByGroup() took 0 ms.
2026-05-09 01:29:23 [main] INFO  Utils - [Utils] MethodGroupsHelper.sortMethods() took 0 ms.
2026-05-09 01:29:23 [main] INFO  Utils - [Utils] MethodGroupsHelper.collectMethodsByGroup() took 0 ms.
2026-05-09 01:29:23 [main] INFO  Utils - [Utils] MethodGroupsHelper.sortMethods() took 0 ms.
2026-05-09 01:29:23 [main] INFO  Utils - [Utils] MethodGroupsHelper.collectMethodsByGroup() took 0 ms.
2026-05-09 01:29:23 [main] INFO  Utils - [Utils] MethodGroupsHelper.sortMethods() took 0 ms.
2026-05-09 01:29:23 [main] INFO  Utils - [Utils] MethodGroupsHelper.collectMethodsByGroup() took 0 ms.
2026-05-09 01:29:23 [main] INFO  Utils - [Utils] MethodGroupsHelper.sortMethods() took 0 ms.
2026-05-09 01:29:23 [main] INFO  Utils - [Utils] MethodGroupsHelper.collectMethodsByGroup() took 0 ms.
2026-05-09 01:29:23 [main] INFO  Utils - [Utils] MethodGroupsHelper.sortMethods() took 0 ms.
2026-05-09 01:29:23 [main] INFO  Utils - [Utils] MethodGroupsHelper.collectMethodsByGroup() took 0 ms.
2026-05-09 01:29:23 [main] INFO  Utils - [Utils] MethodGroupsHelper.sortMethods() took 0 ms.
2026-05-09 01:29:23 [main] INFO  Utils - [Utils] MethodGroupsHelper.collectMethodsByGroup() took 0 ms.
2026-05-09 01:29:23 [main] INFO  Utils - [Utils] MethodGroupsHelper.sortMethods() took 0 ms.
2026-05-09 01:29:23 [main] INFO  Utils - [Utils] MethodGroupsHelper.collectMethodsByGroup() took 9 ms.
2026-05-09 01:29:23 [main] INFO  Utils - [Utils] MethodGroupsHelper.sortMethods() took 34 ms.
2026-05-09 01:29:23 [main] INFO  Utils - [Utils] MethodGroupsHelper.collectMethodsByGroup() took 0 ms.
2026-05-09 01:29:23 [main] INFO  Utils - [Utils] MethodGroupsHelper.sortMethods() took 1 ms.
2026-05-09 01:29:23 [main] INFO  Utils - [Utils] MethodGroupsHelper.collectMethodsByGroup() took 0 ms.
2026-05-09 01:29:23 [main] INFO  Utils - [Utils] MethodGroupsHelper.sortMethods() took 0 ms.
2026-05-09 01:29:23 [main] INFO  Utils - [Utils] MethodGroupsHelper.collectMethodsByGroup() took 0 ms.
2026-05-09 01:29:23 [main] INFO  Utils - [Utils] MethodGroupsHelper.sortMethods() took 0 ms.
2026-05-09 01:29:23 [main] INFO  Utils - [Utils] MethodGroupsHelper.collectMethodsByGroup() took 23 ms.
2026-05-09 01:29:23 [main] INFO  Utils - [Utils] MethodGroupsHelper.sortMethods() took 1 ms.
2026-05-09 01:29:23 [main] INFO  Utils - [Utils] MethodGroupsHelper.collectMethodsByGroup() took 0 ms.
2026-05-09 01:29:23 [main] INFO  Utils - [Utils] MethodGroupsHelper.sortMethods() took 0 ms.
2026-05-09 01:29:23 [main] INFO  Utils - [Utils] MethodGroupsHelper.collectMethodsByGroup() took 0 ms.
2026-05-09 01:29:23 [main] INFO  Utils - [Utils] MethodGroupsHelper.sortMethods() took 0 ms.
2026-05-09 01:29:23 [main] INFO  Utils - [TestNG] Running:
  C:\Users\Admin\AppData\Local\Temp\testng-eclipse-1208797849\testng-customsuite.xml

2026-05-09 01:29:23 [main] INFO  Utils - [Utils] DynamicGraphHelper.createDynamicGraph() took 6 ms.
2026-05-09 01:29:23 [main] INFO  CashierForgotPasswordPageTest - ========= STARTING TEST: TC362_verifyCashierisAbleToResetPasswordwithLeadingorTrailingSpacesinPasswordFieldTest =========
2026-05-09 01:29:23 [main] INFO  TestBase - Launching Browser
2026-05-09 01:29:29 [main] INFO  TestBase - Maximizing window
2026-05-09 01:29:29 [main] INFO  TestBase - deleting all cookies
2026-05-09 01:29:29 [main] INFO  TestBase - launching URL
2026-05-09 01:29:32 [main] INFO  TestBase - Homepage Launched
2026-05-09 01:29:32 [main] INFO  CashierForgotPasswordPageTest - Initializing Wait Utils
2026-05-09 01:29:32 [main] INFO  CashierForgotPasswordPageTest - Initializing Soft Asssert
2026-05-09 01:29:32 [main] INFO  CashierForgotPasswordPageTest - Initializing Home Page
2026-05-09 01:29:32 [main] INFO  CashierForgotPasswordPageTest - Checking Cashier Login Link is Clickable
2026-05-09 01:29:32 [main] INFO  Homepage - Checking Cashier Link is Visible
2026-05-09 01:29:32 [main] INFO  Homepage - Cashier link is Visible
2026-05-09 01:29:32 [main] INFO  Homepage - Checking Cashier Link is Clickable
2026-05-09 01:29:32 [main] INFO  Homepage - Cashier Link is Clickable
2026-05-09 01:29:32 [main] INFO  CashierForgotPasswordPageTest - Clicking on Cashier Login Link
2026-05-09 01:29:32 [main] INFO  CashierForgotPasswordPageTest - Navigating to Cashier Login Page
2026-05-09 01:29:32 [main] INFO  CashierForgotPasswordPageTest - Waiting for Visibility of Elements on Cashier Login Page
2026-05-09 01:29:32 [main] INFO  CashierLoginPage - waiting for cashier login page title to be present
2026-05-09 01:29:32 [main] INFO  CashierLoginPage - cashier login page title is present
2026-05-09 01:29:32 [main] INFO  CashierLoginPage - waiting for login button to be clickable
2026-05-09 01:29:32 [main] INFO  CashierLoginPage - log in button is clickable
2026-05-09 01:29:32 [main] INFO  CashierLoginPage - waiting for password input field to be visible
2026-05-09 01:29:32 [main] INFO  CashierLoginPage - password input field is Visible
2026-05-09 01:29:32 [main] INFO  CashierLoginPage - waiting for employee id input field to be visible
2026-05-09 01:29:33 [main] INFO  CashierLoginPage - employee id input field is Visible
2026-05-09 01:29:33 [main] INFO  CashierLoginPage - waiting for password input field to be Clickable
2026-05-09 01:29:33 [main] INFO  CashierLoginPage - password input field is Clickable
2026-05-09 01:29:33 [main] INFO  CashierLoginPage - waiting for employee id input field to be Clickable
2026-05-09 01:29:33 [main] INFO  CashierLoginPage - employee id input field is Clickable
2026-05-09 01:29:33 [main] INFO  CashierForgotPasswordPageTest - Sucessfully Navigated to Cashier Login Page
2026-05-09 01:29:33 [main] INFO  CashierForgotPasswordPageTest - Clicking on Forgot Password Link
2026-05-09 01:29:33 [main] INFO  CashierLoginPage - Clicking on Forgot password link
2026-05-09 01:29:33 [main] INFO  CashierForgotPasswordPageTest - Navigating to Forgot Password Page
2026-05-09 01:29:33 [main] INFO  CashierForgotPasswordPage - Checking Forgot Password Page Title is present
2026-05-09 01:29:33 [main] INFO  CashierForgotPasswordPage - Extracting title of Forgot Password Page
2026-05-09 01:29:33 [main] INFO  CashierForgotPasswordPageTest - Checking Input Fields are Enabled
2026-05-09 01:29:33 [main] INFO  CashierForgotPasswordPage - Checking Email address Field is Enabled
2026-05-09 01:29:33 [main] INFO  CashierForgotPasswordPage - Checking Mobile Number Field is Enabled
2026-05-09 01:29:33 [main] INFO  CashierForgotPasswordPage - Checking New Password Field is Enabled
2026-05-09 01:29:33 [main] INFO  CashierForgotPasswordPage - Checking Confirm Password Field is Enabled
2026-05-09 01:29:33 [main] INFO  CashierForgotPasswordPageTest - Forgot Password Page is Successfully Loaded
2026-05-09 01:29:33 [main] INFO  CashierForgotPasswordPage - Entering Email Address  vikram.joshi209@gmail.com
2026-05-09 01:29:33 [main] INFO  CashierForgotPasswordPageTest - Email Address Entered
2026-05-09 01:29:33 [main] INFO  CashierForgotPasswordPage - Entering Mobile Number  123
2026-05-09 01:29:33 [main] INFO  CashierForgotPasswordPageTest - Mobile Number Entered
2026-05-09 01:29:33 [main] INFO  CashierForgotPasswordPage - Entering New Password Sagar@19    
2026-05-09 01:29:34 [main] INFO  CashierForgotPasswordPageTest - New Password Entered
2026-05-09 01:29:34 [main] INFO  CashierForgotPasswordPage - Entering Confirm Password Sagar@19    
2026-05-09 01:29:34 [main] INFO  CashierForgotPasswordPageTest - Confirm Password Entered
2026-05-09 01:29:34 [main] INFO  CashierForgotPasswordPage - Clicking on Reset Button
2026-05-09 01:29:34 [main] INFO  CashierForgotPasswordPageTest - Clicked on Reset Button
2026-05-09 01:29:34 [main] INFO  CashierForgotPasswordPageTest - Waiting For Presence of Alert
2026-05-09 01:29:34 [main] INFO  CashierForgotPasswordPageTest - Switching to Alert
2026-05-09 01:29:34 [main] INFO  CashierForgotPasswordPage - Waiting for visibility of all fields on Forgot Password Page
2026-05-09 01:29:34 [main] INFO  CashierForgotPasswordPage - Waiting for Forgot Password Page title to be present
2026-05-09 01:29:34 [main] INFO  CashierForgotPasswordPage - Clicking on Back to Homepage Link
2026-05-09 01:29:35 [main] INFO  CashierForgotPasswordPageTest - Clicked on Back to HomePage Link
2026-05-09 01:29:37 [main] INFO  CashierForgotPasswordPageTest - Checking Cashier Login Link is Clickable
2026-05-09 01:29:37 [main] INFO  Homepage - Checking Cashier Link is Visible
2026-05-09 01:29:37 [main] INFO  Homepage - Cashier link is Visible
2026-05-09 01:29:37 [main] INFO  Homepage - Checking Cashier Link is Clickable
2026-05-09 01:29:37 [main] INFO  Homepage - Cashier Link is Clickable
2026-05-09 01:29:37 [main] INFO  CashierForgotPasswordPageTest - Clicking on Cashier Login Link
2026-05-09 01:29:37 [main] INFO  CashierForgotPasswordPageTest - Navigating to Cashier Login Page
2026-05-09 01:29:37 [main] INFO  CashierForgotPasswordPageTest - Waiting for Visibility of Elements on Cashier Login Page
2026-05-09 01:29:37 [main] INFO  CashierLoginPage - waiting for cashier login page title to be present
2026-05-09 01:29:37 [main] INFO  CashierLoginPage - cashier login page title is present
2026-05-09 01:29:37 [main] INFO  CashierLoginPage - waiting for login button to be clickable
2026-05-09 01:29:37 [main] INFO  CashierLoginPage - log in button is clickable
2026-05-09 01:29:37 [main] INFO  CashierLoginPage - waiting for password input field to be visible
2026-05-09 01:29:37 [main] INFO  CashierLoginPage - password input field is Visible
2026-05-09 01:29:37 [main] INFO  CashierLoginPage - waiting for employee id input field to be visible
2026-05-09 01:29:37 [main] INFO  CashierLoginPage - employee id input field is Visible
2026-05-09 01:29:37 [main] INFO  CashierLoginPage - waiting for password input field to be Clickable
2026-05-09 01:29:37 [main] INFO  CashierLoginPage - password input field is Clickable
2026-05-09 01:29:37 [main] INFO  CashierLoginPage - waiting for employee id input field to be Clickable
2026-05-09 01:29:37 [main] INFO  CashierLoginPage - employee id input field is Clickable
2026-05-09 01:29:37 [main] INFO  CashierForgotPasswordPageTest - Sucessfully Navigated to Cashier Login Page
2026-05-09 01:29:37 [main] INFO  CashierLoginPage - Entering Employee id
2026-05-09 01:29:37 [main] INFO  CashierForgotPasswordPageTest - Entered Employee ID
2026-05-09 01:29:37 [main] INFO  CashierLoginPage - Entering Password
2026-05-09 01:29:37 [main] INFO  CashierForgotPasswordPageTest - Entered Password
2026-05-09 01:29:37 [main] INFO  CashierLoginPage - Clicking on Loginbutton
2026-05-09 01:29:38 [main] INFO  CashierForgotPasswordPageTest - Clicked on Login Button
2026-05-09 01:29:38 [main] INFO  CashierDashboardPage - Checking title of dashboard page
2026-05-09 01:29:38 [main] INFO  CashierForgotPasswordPageTest - Browser Closed
2026-05-09 01:29:38 [main] INFO  CashierForgotPasswordPageTest - ========= ENDING TEST: TC362_verifyCashierisAbleToResetPasswordwithLeadingorTrailingSpacesinPasswordFieldTest =========
2026-05-09 01:29:38 [main] INFO  Utils - [TestNG] Time taken by org.testng.reporters.jq.Main@25b52284: 232 ms
2026-05-09 01:29:39 [main] INFO  Utils - [TestNG] Time taken by org.testng.reporters.FailedReporter@5ba26eb0: 76 ms
2026-05-09 01:29:39 [main] INFO  Utils - [TestNG] Time taken by org.testng.reporters.XMLReporter@17690e14: 19 ms
2026-05-09 01:29:39 [main] INFO  Utils - [TestNG] Time taken by org.testng.reporters.EmailableReporter2@44b18fe4: 11 ms
2026-05-09 01:29:39 [main] INFO  Utils - [TestNG] Time taken by org.testng.reporters.JUnitReportReporter@3fe46690: 11 ms
2026-05-09 01:29:39 [main] INFO  Utils - [TestNG] Time taken by org.testng.internal.ExitCodeListener@4beabeec: 0 ms
2026-05-09 01:33:39 [main] INFO  Utils - [Utils] MethodGroupsHelper.collectMethodsByGroup() took 0 ms.
2026-05-09 01:33:39 [main] INFO  Utils - [Utils] MethodGroupsHelper.sortMethods() took 1 ms.
2026-05-09 01:33:39 [main] INFO  Utils - [Utils] MethodGroupsHelper.collectMethodsByGroup() took 0 ms.
2026-05-09 01:33:39 [main] INFO  Utils - [Utils] MethodGroupsHelper.sortMethods() took 0 ms.
2026-05-09 01:33:39 [main] INFO  Utils - [Utils] MethodGroupsHelper.collectMethodsByGroup() took 0 ms.
2026-05-09 01:33:39 [main] INFO  Utils - [Utils] MethodGroupsHelper.sortMethods() took 0 ms.
2026-05-09 01:33:39 [main] INFO  Utils - [Utils] MethodGroupsHelper.collectMethodsByGroup() took 0 ms.
2026-05-09 01:33:39 [main] INFO  Utils - [Utils] MethodGroupsHelper.sortMethods() took 0 ms.
2026-05-09 01:33:39 [main] INFO  Utils - [Utils] MethodGroupsHelper.collectMethodsByGroup() took 0 ms.
2026-05-09 01:33:39 [main] INFO  Utils - [Utils] MethodGroupsHelper.sortMethods() took 0 ms.
2026-05-09 01:33:39 [main] INFO  Utils - [Utils] MethodGroupsHelper.collectMethodsByGroup() took 0 ms.
2026-05-09 01:33:39 [main] INFO  Utils - [Utils] MethodGroupsHelper.sortMethods() took 0 ms.
2026-05-09 01:33:39 [main] INFO  Utils - [Utils] MethodGroupsHelper.collectMethodsByGroup() took 0 ms.
2026-05-09 01:33:39 [main] INFO  Utils - [Utils] MethodGroupsHelper.sortMethods() took 0 ms.
2026-05-09 01:33:39 [main] INFO  Utils - [Utils] MethodGroupsHelper.collectMethodsByGroup() took 0 ms.
2026-05-09 01:33:39 [main] INFO  Utils - [Utils] MethodGroupsHelper.sortMethods() took 0 ms.
2026-05-09 01:33:39 [main] INFO  Utils - [Utils] MethodGroupsHelper.collectMethodsByGroup() took 14 ms.
2026-05-09 01:33:39 [main] INFO  Utils - [Utils] MethodGroupsHelper.sortMethods() took 35 ms.
2026-05-09 01:33:39 [main] INFO  Utils - [Utils] MethodGroupsHelper.collectMethodsByGroup() took 0 ms.
2026-05-09 01:33:39 [main] INFO  Utils - [Utils] MethodGroupsHelper.sortMethods() took 0 ms.
2026-05-09 01:33:39 [main] INFO  Utils - [Utils] MethodGroupsHelper.collectMethodsByGroup() took 0 ms.
2026-05-09 01:33:39 [main] INFO  Utils - [Utils] MethodGroupsHelper.sortMethods() took 0 ms.
2026-05-09 01:33:39 [main] INFO  Utils - [Utils] MethodGroupsHelper.collectMethodsByGroup() took 0 ms.
2026-05-09 01:33:39 [main] INFO  Utils - [Utils] MethodGroupsHelper.sortMethods() took 0 ms.
2026-05-09 01:33:39 [main] INFO  Utils - [Utils] MethodGroupsHelper.collectMethodsByGroup() took 19 ms.
2026-05-09 01:33:39 [main] INFO  Utils - [Utils] MethodGroupsHelper.sortMethods() took 0 ms.
2026-05-09 01:33:39 [main] INFO  Utils - [Utils] MethodGroupsHelper.collectMethodsByGroup() took 0 ms.
2026-05-09 01:33:39 [main] INFO  Utils - [Utils] MethodGroupsHelper.sortMethods() took 0 ms.
2026-05-09 01:33:39 [main] INFO  Utils - [Utils] MethodGroupsHelper.collectMethodsByGroup() took 0 ms.
2026-05-09 01:33:39 [main] INFO  Utils - [Utils] MethodGroupsHelper.sortMethods() took 0 ms.
2026-05-09 01:33:39 [main] INFO  Utils - [TestNG] Running:
  C:\Users\Admin\AppData\Local\Temp\testng-eclipse--1702832398\testng-customsuite.xml

2026-05-09 01:33:39 [main] INFO  Utils - [Utils] DynamicGraphHelper.createDynamicGraph() took 7 ms.
2026-05-09 01:33:39 [main] INFO  CashierForgotPasswordPageTest - ========= STARTING TEST: resetToOriginalPasswordTest =========
2026-05-09 01:33:39 [main] INFO  TestBase - Launching Browser
2026-05-09 01:33:42 [main] INFO  TestBase - Maximizing window
2026-05-09 01:33:42 [main] INFO  TestBase - deleting all cookies
2026-05-09 01:33:42 [main] INFO  TestBase - launching URL
2026-05-09 01:33:45 [main] INFO  TestBase - Homepage Launched
2026-05-09 01:33:45 [main] INFO  CashierForgotPasswordPageTest - Initializing Wait Utils
2026-05-09 01:33:45 [main] INFO  CashierForgotPasswordPageTest - Initializing Soft Asssert
2026-05-09 01:33:45 [main] INFO  CashierForgotPasswordPageTest - Initializing Home Page
2026-05-09 01:33:45 [main] INFO  CashierForgotPasswordPageTest - Checking Cashier Login Link is Clickable
2026-05-09 01:33:45 [main] INFO  Homepage - Checking Cashier Link is Visible
2026-05-09 01:33:45 [main] INFO  Homepage - Cashier link is Visible
2026-05-09 01:33:45 [main] INFO  Homepage - Checking Cashier Link is Clickable
2026-05-09 01:33:45 [main] INFO  Homepage - Cashier Link is Clickable
2026-05-09 01:33:45 [main] INFO  CashierForgotPasswordPageTest - Clicking on Cashier Login Link
2026-05-09 01:33:45 [main] INFO  CashierForgotPasswordPageTest - Navigating to Cashier Login Page
2026-05-09 01:33:45 [main] INFO  CashierForgotPasswordPageTest - Waiting for Visibility of Elements on Cashier Login Page
2026-05-09 01:33:45 [main] INFO  CashierLoginPage - waiting for cashier login page title to be present
2026-05-09 01:33:45 [main] INFO  CashierLoginPage - cashier login page title is present
2026-05-09 01:33:45 [main] INFO  CashierLoginPage - waiting for login button to be clickable
2026-05-09 01:33:46 [main] INFO  CashierLoginPage - log in button is clickable
2026-05-09 01:33:46 [main] INFO  CashierLoginPage - waiting for password input field to be visible
2026-05-09 01:33:46 [main] INFO  CashierLoginPage - password input field is Visible
2026-05-09 01:33:46 [main] INFO  CashierLoginPage - waiting for employee id input field to be visible
2026-05-09 01:33:46 [main] INFO  CashierLoginPage - employee id input field is Visible
2026-05-09 01:33:46 [main] INFO  CashierLoginPage - waiting for password input field to be Clickable
2026-05-09 01:33:46 [main] INFO  CashierLoginPage - password input field is Clickable
2026-05-09 01:33:46 [main] INFO  CashierLoginPage - waiting for employee id input field to be Clickable
2026-05-09 01:33:46 [main] INFO  CashierLoginPage - employee id input field is Clickable
2026-05-09 01:33:46 [main] INFO  CashierForgotPasswordPageTest - Sucessfully Navigated to Cashier Login Page
2026-05-09 01:33:46 [main] INFO  CashierForgotPasswordPageTest - Clicking on Forgot Password Link
2026-05-09 01:33:46 [main] INFO  CashierLoginPage - Clicking on Forgot password link
2026-05-09 01:33:46 [main] INFO  CashierForgotPasswordPageTest - Navigating to Forgot Password Page
2026-05-09 01:33:46 [main] INFO  CashierForgotPasswordPage - Checking Forgot Password Page Title is present
2026-05-09 01:33:46 [main] INFO  CashierForgotPasswordPage - Extracting title of Forgot Password Page
2026-05-09 01:33:46 [main] INFO  CashierForgotPasswordPageTest - Checking Input Fields are Enabled
2026-05-09 01:33:46 [main] INFO  CashierForgotPasswordPage - Checking Email address Field is Enabled
2026-05-09 01:33:46 [main] INFO  CashierForgotPasswordPage - Checking Mobile Number Field is Enabled
2026-05-09 01:33:46 [main] INFO  CashierForgotPasswordPage - Checking New Password Field is Enabled
2026-05-09 01:33:46 [main] INFO  CashierForgotPasswordPage - Checking Confirm Password Field is Enabled
2026-05-09 01:33:46 [main] INFO  CashierForgotPasswordPageTest - Forgot Password Page is Successfully Loaded
2026-05-09 01:33:46 [main] INFO  CashierForgotPasswordPage - Entering Email Address  vikram.joshi209@gmail.com
2026-05-09 01:33:46 [main] INFO  CashierForgotPasswordPageTest - Email Address Entered
2026-05-09 01:33:46 [main] INFO  CashierForgotPasswordPage - Entering Mobile Number  123
2026-05-09 01:33:46 [main] INFO  CashierForgotPasswordPageTest - Mobile Number Entered
2026-05-09 01:33:46 [main] INFO  CashierForgotPasswordPage - Entering New Password Vikram@852
2026-05-09 01:33:47 [main] INFO  CashierForgotPasswordPageTest - New Password Entered
2026-05-09 01:33:47 [main] INFO  CashierForgotPasswordPage - Entering Confirm Password Vikram@852
2026-05-09 01:33:47 [main] INFO  CashierForgotPasswordPageTest - Confirm Password Entered
2026-05-09 01:33:47 [main] INFO  CashierForgotPasswordPage - Clicking on Reset Button
2026-05-09 01:33:47 [main] INFO  CashierForgotPasswordPageTest - Clicked on Reset Button
2026-05-09 01:33:47 [main] INFO  CashierForgotPasswordPageTest - Waiting For Presence of Alert
2026-05-09 01:33:47 [main] INFO  CashierForgotPasswordPageTest - Switching to Alert
2026-05-09 01:33:47 [main] INFO  CashierForgotPasswordPageTest - Browser Closed
2026-05-09 01:33:47 [main] INFO  CashierForgotPasswordPageTest - ========= ENDING TEST: resetToOriginalPasswordTest =========
2026-05-09 01:33:48 [main] INFO  Utils - [TestNG] Time taken by org.testng.reporters.jq.Main@1a28b346: 313 ms
2026-05-09 01:33:48 [main] INFO  Utils - [TestNG] Time taken by org.testng.reporters.FailedReporter@23382f76: 1 ms
2026-05-09 01:33:48 [main] INFO  Utils - [TestNG] Time taken by org.testng.reporters.XMLReporter@51ce6f85: 16 ms
2026-05-09 01:33:48 [main] INFO  Utils - [TestNG] Time taken by org.testng.reporters.EmailableReporter2@2f651f93: 10 ms
2026-05-09 01:33:48 [main] INFO  Utils - [TestNG] Time taken by org.testng.reporters.JUnitReportReporter@6f6621e3: 7 ms
2026-05-09 01:33:48 [main] INFO  Utils - [TestNG] Time taken by org.testng.internal.ExitCodeListener@3fc05ea2: 0 ms
2026-05-09 01:34:31 [main] INFO  Utils - [Utils] MethodGroupsHelper.collectMethodsByGroup() took 0 ms.
2026-05-09 01:34:31 [main] INFO  Utils - [Utils] MethodGroupsHelper.sortMethods() took 1 ms.
2026-05-09 01:34:31 [main] INFO  Utils - [Utils] MethodGroupsHelper.collectMethodsByGroup() took 0 ms.
2026-05-09 01:34:31 [main] INFO  Utils - [Utils] MethodGroupsHelper.sortMethods() took 0 ms.
2026-05-09 01:34:31 [main] INFO  Utils - [Utils] MethodGroupsHelper.collectMethodsByGroup() took 0 ms.
2026-05-09 01:34:31 [main] INFO  Utils - [Utils] MethodGroupsHelper.sortMethods() took 0 ms.
2026-05-09 01:34:31 [main] INFO  Utils - [Utils] MethodGroupsHelper.collectMethodsByGroup() took 0 ms.
2026-05-09 01:34:31 [main] INFO  Utils - [Utils] MethodGroupsHelper.sortMethods() took 0 ms.
2026-05-09 01:34:31 [main] INFO  Utils - [Utils] MethodGroupsHelper.collectMethodsByGroup() took 0 ms.
2026-05-09 01:34:31 [main] INFO  Utils - [Utils] MethodGroupsHelper.sortMethods() took 0 ms.
2026-05-09 01:34:31 [main] INFO  Utils - [Utils] MethodGroupsHelper.collectMethodsByGroup() took 0 ms.
2026-05-09 01:34:31 [main] INFO  Utils - [Utils] MethodGroupsHelper.sortMethods() took 0 ms.
2026-05-09 01:34:31 [main] INFO  Utils - [Utils] MethodGroupsHelper.collectMethodsByGroup() took 0 ms.
2026-05-09 01:34:31 [main] INFO  Utils - [Utils] MethodGroupsHelper.sortMethods() took 0 ms.
2026-05-09 01:34:31 [main] INFO  Utils - [Utils] MethodGroupsHelper.collectMethodsByGroup() took 0 ms.
2026-05-09 01:34:31 [main] INFO  Utils - [Utils] MethodGroupsHelper.sortMethods() took 0 ms.
2026-05-09 01:34:31 [main] INFO  Utils - [Utils] MethodGroupsHelper.collectMethodsByGroup() took 12 ms.
2026-05-09 01:34:31 [main] INFO  Utils - [Utils] MethodGroupsHelper.sortMethods() took 39 ms.
2026-05-09 01:34:31 [main] INFO  Utils - [Utils] MethodGroupsHelper.collectMethodsByGroup() took 3 ms.
2026-05-09 01:34:31 [main] INFO  Utils - [Utils] MethodGroupsHelper.sortMethods() took 0 ms.
2026-05-09 01:34:31 [main] INFO  Utils - [Utils] MethodGroupsHelper.collectMethodsByGroup() took 0 ms.
2026-05-09 01:34:31 [main] INFO  Utils - [Utils] MethodGroupsHelper.sortMethods() took 0 ms.
2026-05-09 01:34:31 [main] INFO  Utils - [Utils] MethodGroupsHelper.collectMethodsByGroup() took 0 ms.
2026-05-09 01:34:31 [main] INFO  Utils - [Utils] MethodGroupsHelper.sortMethods() took 0 ms.
2026-05-09 01:34:31 [main] INFO  Utils - [Utils] MethodGroupsHelper.collectMethodsByGroup() took 28 ms.
2026-05-09 01:34:31 [main] INFO  Utils - [Utils] MethodGroupsHelper.sortMethods() took 1 ms.
2026-05-09 01:34:31 [main] INFO  Utils - [Utils] MethodGroupsHelper.collectMethodsByGroup() took 0 ms.
2026-05-09 01:34:31 [main] INFO  Utils - [Utils] MethodGroupsHelper.sortMethods() took 0 ms.
2026-05-09 01:34:31 [main] INFO  Utils - [Utils] MethodGroupsHelper.collectMethodsByGroup() took 0 ms.
2026-05-09 01:34:31 [main] INFO  Utils - [Utils] MethodGroupsHelper.sortMethods() took 0 ms.
2026-05-09 01:34:31 [main] INFO  Utils - [TestNG] Running:
  C:\Users\Admin\AppData\Local\Temp\testng-eclipse-2090715137\testng-customsuite.xml

2026-05-09 01:34:32 [main] INFO  Utils - [Utils] DynamicGraphHelper.createDynamicGraph() took 7 ms.
2026-05-09 01:34:32 [main] INFO  CashierForgotPasswordPageTest - ========= STARTING TEST: TC362_verifyCashierisAbleToResetPasswordwithLeadingorTrailingSpacesinPasswordFieldTest =========
2026-05-09 01:34:32 [main] INFO  TestBase - Launching Browser
2026-05-09 01:34:34 [main] INFO  TestBase - Maximizing window
2026-05-09 01:34:34 [main] INFO  TestBase - deleting all cookies
2026-05-09 01:34:34 [main] INFO  TestBase - launching URL
2026-05-09 01:34:38 [main] INFO  TestBase - Homepage Launched
2026-05-09 01:34:38 [main] INFO  CashierForgotPasswordPageTest - Initializing Wait Utils
2026-05-09 01:34:38 [main] INFO  CashierForgotPasswordPageTest - Initializing Soft Asssert
2026-05-09 01:34:38 [main] INFO  CashierForgotPasswordPageTest - Initializing Home Page
2026-05-09 01:34:38 [main] INFO  CashierForgotPasswordPageTest - Checking Cashier Login Link is Clickable
2026-05-09 01:34:38 [main] INFO  Homepage - Checking Cashier Link is Visible
2026-05-09 01:34:38 [main] INFO  Homepage - Cashier link is Visible
2026-05-09 01:34:38 [main] INFO  Homepage - Checking Cashier Link is Clickable
2026-05-09 01:34:38 [main] INFO  Homepage - Cashier Link is Clickable
2026-05-09 01:34:38 [main] INFO  CashierForgotPasswordPageTest - Clicking on Cashier Login Link
2026-05-09 01:34:39 [main] INFO  CashierForgotPasswordPageTest - Navigating to Cashier Login Page
2026-05-09 01:34:39 [main] INFO  CashierForgotPasswordPageTest - Waiting for Visibility of Elements on Cashier Login Page
2026-05-09 01:34:39 [main] INFO  CashierLoginPage - waiting for cashier login page title to be present
2026-05-09 01:34:39 [main] INFO  CashierLoginPage - cashier login page title is present
2026-05-09 01:34:39 [main] INFO  CashierLoginPage - waiting for login button to be clickable
2026-05-09 01:34:39 [main] INFO  CashierLoginPage - log in button is clickable
2026-05-09 01:34:39 [main] INFO  CashierLoginPage - waiting for password input field to be visible
2026-05-09 01:34:39 [main] INFO  CashierLoginPage - password input field is Visible
2026-05-09 01:34:39 [main] INFO  CashierLoginPage - waiting for employee id input field to be visible
2026-05-09 01:34:39 [main] INFO  CashierLoginPage - employee id input field is Visible
2026-05-09 01:34:39 [main] INFO  CashierLoginPage - waiting for password input field to be Clickable
2026-05-09 01:34:39 [main] INFO  CashierLoginPage - password input field is Clickable
2026-05-09 01:34:39 [main] INFO  CashierLoginPage - waiting for employee id input field to be Clickable
2026-05-09 01:34:39 [main] INFO  CashierLoginPage - employee id input field is Clickable
2026-05-09 01:34:39 [main] INFO  CashierForgotPasswordPageTest - Sucessfully Navigated to Cashier Login Page
2026-05-09 01:34:39 [main] INFO  CashierForgotPasswordPageTest - Clicking on Forgot Password Link
2026-05-09 01:34:39 [main] INFO  CashierLoginPage - Clicking on Forgot password link
2026-05-09 01:34:39 [main] INFO  CashierForgotPasswordPageTest - Navigating to Forgot Password Page
2026-05-09 01:34:39 [main] INFO  CashierForgotPasswordPage - Checking Forgot Password Page Title is present
2026-05-09 01:34:39 [main] INFO  CashierForgotPasswordPage - Extracting title of Forgot Password Page
2026-05-09 01:34:39 [main] INFO  CashierForgotPasswordPageTest - Checking Input Fields are Enabled
2026-05-09 01:34:39 [main] INFO  CashierForgotPasswordPage - Checking Email address Field is Enabled
2026-05-09 01:34:39 [main] INFO  CashierForgotPasswordPage - Checking Mobile Number Field is Enabled
2026-05-09 01:34:39 [main] INFO  CashierForgotPasswordPage - Checking New Password Field is Enabled
2026-05-09 01:34:39 [main] INFO  CashierForgotPasswordPage - Checking Confirm Password Field is Enabled
2026-05-09 01:34:39 [main] INFO  CashierForgotPasswordPageTest - Forgot Password Page is Successfully Loaded
2026-05-09 01:34:39 [main] INFO  CashierForgotPasswordPage - Entering Email Address  vikram.joshi209@gmail.com
2026-05-09 01:34:39 [main] INFO  CashierForgotPasswordPageTest - Email Address Entered
2026-05-09 01:34:39 [main] INFO  CashierForgotPasswordPage - Entering Mobile Number  123
2026-05-09 01:34:40 [main] INFO  CashierForgotPasswordPageTest - Mobile Number Entered
2026-05-09 01:34:40 [main] INFO  CashierForgotPasswordPage - Entering New Password Sagar@19    
2026-05-09 01:34:40 [main] INFO  CashierForgotPasswordPageTest - New Password Entered
2026-05-09 01:34:40 [main] INFO  CashierForgotPasswordPage - Entering Confirm Password Sagar@19    
2026-05-09 01:34:40 [main] INFO  CashierForgotPasswordPageTest - Confirm Password Entered
2026-05-09 01:34:40 [main] INFO  CashierForgotPasswordPage - Clicking on Reset Button
2026-05-09 01:34:40 [main] INFO  CashierForgotPasswordPageTest - Clicked on Reset Button
2026-05-09 01:34:40 [main] INFO  CashierForgotPasswordPageTest - Waiting For Presence of Alert
2026-05-09 01:34:40 [main] INFO  CashierForgotPasswordPageTest - Switching to Alert
2026-05-09 01:34:40 [main] INFO  CashierForgotPasswordPage - Waiting for visibility of all fields on Forgot Password Page
2026-05-09 01:34:40 [main] INFO  CashierForgotPasswordPage - Waiting for Forgot Password Page title to be present
2026-05-09 01:34:40 [main] INFO  CashierForgotPasswordPage - Clicking on Back to Homepage Link
2026-05-09 01:34:41 [main] INFO  CashierForgotPasswordPageTest - Clicked on Back to HomePage Link
2026-05-09 01:34:43 [main] INFO  CashierForgotPasswordPageTest - Checking Cashier Login Link is Clickable
2026-05-09 01:34:43 [main] INFO  Homepage - Checking Cashier Link is Visible
2026-05-09 01:34:43 [main] INFO  Homepage - Cashier link is Visible
2026-05-09 01:34:43 [main] INFO  Homepage - Checking Cashier Link is Clickable
2026-05-09 01:34:43 [main] INFO  Homepage - Cashier Link is Clickable
2026-05-09 01:34:43 [main] INFO  CashierForgotPasswordPageTest - Clicking on Cashier Login Link
2026-05-09 01:34:43 [main] INFO  CashierForgotPasswordPageTest - Navigating to Cashier Login Page
2026-05-09 01:34:43 [main] INFO  CashierForgotPasswordPageTest - Waiting for Visibility of Elements on Cashier Login Page
2026-05-09 01:34:43 [main] INFO  CashierLoginPage - waiting for cashier login page title to be present
2026-05-09 01:34:43 [main] INFO  CashierLoginPage - cashier login page title is present
2026-05-09 01:34:43 [main] INFO  CashierLoginPage - waiting for login button to be clickable
2026-05-09 01:34:43 [main] INFO  CashierLoginPage - log in button is clickable
2026-05-09 01:34:43 [main] INFO  CashierLoginPage - waiting for password input field to be visible
2026-05-09 01:34:43 [main] INFO  CashierLoginPage - password input field is Visible
2026-05-09 01:34:43 [main] INFO  CashierLoginPage - waiting for employee id input field to be visible
2026-05-09 01:34:43 [main] INFO  CashierLoginPage - employee id input field is Visible
2026-05-09 01:34:43 [main] INFO  CashierLoginPage - waiting for password input field to be Clickable
2026-05-09 01:34:43 [main] INFO  CashierLoginPage - password input field is Clickable
2026-05-09 01:34:43 [main] INFO  CashierLoginPage - waiting for employee id input field to be Clickable
2026-05-09 01:34:43 [main] INFO  CashierLoginPage - employee id input field is Clickable
2026-05-09 01:34:43 [main] INFO  CashierForgotPasswordPageTest - Sucessfully Navigated to Cashier Login Page
2026-05-09 01:34:43 [main] INFO  CashierLoginPage - Entering Employee id
2026-05-09 01:34:43 [main] INFO  CashierForgotPasswordPageTest - Entered Employee ID
2026-05-09 01:34:43 [main] INFO  CashierLoginPage - Entering Password
2026-05-09 01:34:43 [main] INFO  CashierForgotPasswordPageTest - Entered Password
2026-05-09 01:34:43 [main] INFO  CashierLoginPage - Clicking on Loginbutton
2026-05-09 01:34:43 [main] INFO  CashierForgotPasswordPageTest - Clicked on Login Button
2026-05-09 01:34:43 [main] INFO  CashierForgotPasswordPageTest - Switching to Alert
2026-05-09 01:34:43 [main] INFO  CashierForgotPasswordPageTest - Browser Closed
2026-05-09 01:34:44 [main] INFO  CashierForgotPasswordPageTest - ========= ENDING TEST: TC362_verifyCashierisAbleToResetPasswordwithLeadingorTrailingSpacesinPasswordFieldTest =========
2026-05-09 01:34:44 [main] INFO  Utils - [TestNG] Time taken by org.testng.reporters.jq.Main@103082dd: 202 ms
2026-05-09 01:34:44 [main] INFO  Utils - [TestNG] Time taken by org.testng.reporters.FailedReporter@64fe9da7: 1 ms
2026-05-09 01:34:44 [main] INFO  Utils - [TestNG] Time taken by org.testng.reporters.XMLReporter@2016f509: 14 ms
2026-05-09 01:34:44 [main] INFO  Utils - [TestNG] Time taken by org.testng.reporters.EmailableReporter2@71945bc0: 10 ms
2026-05-09 01:34:44 [main] INFO  Utils - [TestNG] Time taken by org.testng.reporters.JUnitReportReporter@2412a42b: 8 ms
2026-05-09 01:34:44 [main] INFO  Utils - [TestNG] Time taken by org.testng.internal.ExitCodeListener@45404d5: 0 ms
2026-05-09 01:37:06 [main] INFO  Utils - [Utils] MethodGroupsHelper.collectMethodsByGroup() took 1 ms.
2026-05-09 01:37:06 [main] INFO  Utils - [Utils] MethodGroupsHelper.sortMethods() took 3 ms.
2026-05-09 01:37:06 [main] INFO  Utils - [Utils] MethodGroupsHelper.collectMethodsByGroup() took 0 ms.
2026-05-09 01:37:06 [main] INFO  Utils - [Utils] MethodGroupsHelper.sortMethods() took 0 ms.
2026-05-09 01:37:06 [main] INFO  Utils - [Utils] MethodGroupsHelper.collectMethodsByGroup() took 0 ms.
2026-05-09 01:37:06 [main] INFO  Utils - [Utils] MethodGroupsHelper.sortMethods() took 0 ms.
2026-05-09 01:37:06 [main] INFO  Utils - [Utils] MethodGroupsHelper.collectMethodsByGroup() took 0 ms.
2026-05-09 01:37:06 [main] INFO  Utils - [Utils] MethodGroupsHelper.sortMethods() took 0 ms.
2026-05-09 01:37:06 [main] INFO  Utils - [Utils] MethodGroupsHelper.collectMethodsByGroup() took 0 ms.
2026-05-09 01:37:06 [main] INFO  Utils - [Utils] MethodGroupsHelper.sortMethods() took 0 ms.
2026-05-09 01:37:06 [main] INFO  Utils - [Utils] MethodGroupsHelper.collectMethodsByGroup() took 0 ms.
2026-05-09 01:37:06 [main] INFO  Utils - [Utils] MethodGroupsHelper.sortMethods() took 1 ms.
2026-05-09 01:37:06 [main] INFO  Utils - [Utils] MethodGroupsHelper.collectMethodsByGroup() took 0 ms.
2026-05-09 01:37:06 [main] INFO  Utils - [Utils] MethodGroupsHelper.sortMethods() took 0 ms.
2026-05-09 01:37:06 [main] INFO  Utils - [Utils] MethodGroupsHelper.collectMethodsByGroup() took 0 ms.
2026-05-09 01:37:06 [main] INFO  Utils - [Utils] MethodGroupsHelper.sortMethods() took 0 ms.
2026-05-09 01:37:06 [main] INFO  Utils - [Utils] MethodGroupsHelper.collectMethodsByGroup() took 32 ms.
2026-05-09 01:37:06 [main] INFO  Utils - [Utils] MethodGroupsHelper.sortMethods() took 40 ms.
2026-05-09 01:37:06 [main] INFO  Utils - [Utils] MethodGroupsHelper.collectMethodsByGroup() took 0 ms.
2026-05-09 01:37:06 [main] INFO  Utils - [Utils] MethodGroupsHelper.sortMethods() took 0 ms.
2026-05-09 01:37:06 [main] INFO  Utils - [Utils] MethodGroupsHelper.collectMethodsByGroup() took 0 ms.
2026-05-09 01:37:06 [main] INFO  Utils - [Utils] MethodGroupsHelper.sortMethods() took 0 ms.
2026-05-09 01:37:06 [main] INFO  Utils - [Utils] MethodGroupsHelper.collectMethodsByGroup() took 0 ms.
2026-05-09 01:37:06 [main] INFO  Utils - [Utils] MethodGroupsHelper.sortMethods() took 0 ms.
2026-05-09 01:37:06 [main] INFO  Utils - [Utils] MethodGroupsHelper.collectMethodsByGroup() took 15 ms.
2026-05-09 01:37:06 [main] INFO  Utils - [Utils] MethodGroupsHelper.sortMethods() took 1 ms.
2026-05-09 01:37:06 [main] INFO  Utils - [Utils] MethodGroupsHelper.collectMethodsByGroup() took 0 ms.
2026-05-09 01:37:06 [main] INFO  Utils - [Utils] MethodGroupsHelper.sortMethods() took 0 ms.
2026-05-09 01:37:06 [main] INFO  Utils - [Utils] MethodGroupsHelper.collectMethodsByGroup() took 0 ms.
2026-05-09 01:37:06 [main] INFO  Utils - [Utils] MethodGroupsHelper.sortMethods() took 0 ms.
2026-05-09 01:37:06 [main] INFO  Utils - [TestNG] Running:
  C:\Users\Admin\AppData\Local\Temp\testng-eclipse-695847132\testng-customsuite.xml

2026-05-09 01:37:06 [main] INFO  Utils - [Utils] DynamicGraphHelper.createDynamicGraph() took 12 ms.
2026-05-09 01:37:06 [main] INFO  CashierForgotPasswordPageTest - ========= STARTING TEST: resetToOriginalPasswordTest =========
2026-05-09 01:37:06 [main] INFO  TestBase - Launching Browser
2026-05-09 01:37:10 [main] INFO  TestBase - Maximizing window
2026-05-09 01:37:10 [main] INFO  TestBase - deleting all cookies
2026-05-09 01:37:10 [main] INFO  TestBase - launching URL
2026-05-09 01:37:13 [main] INFO  TestBase - Homepage Launched
2026-05-09 01:37:13 [main] INFO  CashierForgotPasswordPageTest - Initializing Wait Utils
2026-05-09 01:37:13 [main] INFO  CashierForgotPasswordPageTest - Initializing Soft Asssert
2026-05-09 01:37:13 [main] INFO  CashierForgotPasswordPageTest - Initializing Home Page
2026-05-09 01:37:13 [main] INFO  CashierForgotPasswordPageTest - Checking Cashier Login Link is Clickable
2026-05-09 01:37:13 [main] INFO  Homepage - Checking Cashier Link is Visible
2026-05-09 01:37:13 [main] INFO  Homepage - Cashier link is Visible
2026-05-09 01:37:13 [main] INFO  Homepage - Checking Cashier Link is Clickable
2026-05-09 01:37:13 [main] INFO  Homepage - Cashier Link is Clickable
2026-05-09 01:37:13 [main] INFO  CashierForgotPasswordPageTest - Clicking on Cashier Login Link
2026-05-09 01:37:14 [main] INFO  CashierForgotPasswordPageTest - Navigating to Cashier Login Page
2026-05-09 01:37:14 [main] INFO  CashierForgotPasswordPageTest - Waiting for Visibility of Elements on Cashier Login Page
2026-05-09 01:37:14 [main] INFO  CashierLoginPage - waiting for cashier login page title to be present
2026-05-09 01:37:14 [main] INFO  CashierLoginPage - cashier login page title is present
2026-05-09 01:37:14 [main] INFO  CashierLoginPage - waiting for login button to be clickable
2026-05-09 01:37:14 [main] INFO  CashierLoginPage - log in button is clickable
2026-05-09 01:37:14 [main] INFO  CashierLoginPage - waiting for password input field to be visible
2026-05-09 01:37:14 [main] INFO  CashierLoginPage - password input field is Visible
2026-05-09 01:37:14 [main] INFO  CashierLoginPage - waiting for employee id input field to be visible
2026-05-09 01:37:14 [main] INFO  CashierLoginPage - employee id input field is Visible
2026-05-09 01:37:14 [main] INFO  CashierLoginPage - waiting for password input field to be Clickable
2026-05-09 01:37:14 [main] INFO  CashierLoginPage - password input field is Clickable
2026-05-09 01:37:14 [main] INFO  CashierLoginPage - waiting for employee id input field to be Clickable
2026-05-09 01:37:14 [main] INFO  CashierLoginPage - employee id input field is Clickable
2026-05-09 01:37:14 [main] INFO  CashierForgotPasswordPageTest - Sucessfully Navigated to Cashier Login Page
2026-05-09 01:37:14 [main] INFO  CashierForgotPasswordPageTest - Clicking on Forgot Password Link
2026-05-09 01:37:14 [main] INFO  CashierLoginPage - Clicking on Forgot password link
2026-05-09 01:37:14 [main] INFO  CashierForgotPasswordPageTest - Navigating to Forgot Password Page
2026-05-09 01:37:14 [main] INFO  CashierForgotPasswordPage - Checking Forgot Password Page Title is present
2026-05-09 01:37:14 [main] INFO  CashierForgotPasswordPage - Extracting title of Forgot Password Page
2026-05-09 01:37:14 [main] INFO  CashierForgotPasswordPageTest - Checking Input Fields are Enabled
2026-05-09 01:37:14 [main] INFO  CashierForgotPasswordPage - Checking Email address Field is Enabled
2026-05-09 01:37:15 [main] INFO  CashierForgotPasswordPage - Checking Mobile Number Field is Enabled
2026-05-09 01:37:15 [main] INFO  CashierForgotPasswordPage - Checking New Password Field is Enabled
2026-05-09 01:37:15 [main] INFO  CashierForgotPasswordPage - Checking Confirm Password Field is Enabled
2026-05-09 01:37:15 [main] INFO  CashierForgotPasswordPageTest - Forgot Password Page is Successfully Loaded
2026-05-09 01:37:15 [main] INFO  CashierForgotPasswordPage - Entering Email Address  vikram.joshi209@gmail.com
2026-05-09 01:37:15 [main] INFO  CashierForgotPasswordPageTest - Email Address Entered
2026-05-09 01:37:15 [main] INFO  CashierForgotPasswordPage - Entering Mobile Number  123
2026-05-09 01:37:15 [main] INFO  CashierForgotPasswordPageTest - Mobile Number Entered
2026-05-09 01:37:15 [main] INFO  CashierForgotPasswordPage - Entering New Password Vikram@852
2026-05-09 01:37:15 [main] INFO  CashierForgotPasswordPageTest - New Password Entered
2026-05-09 01:37:15 [main] INFO  CashierForgotPasswordPage - Entering Confirm Password Vikram@852
2026-05-09 01:37:15 [main] INFO  CashierForgotPasswordPageTest - Confirm Password Entered
2026-05-09 01:37:15 [main] INFO  CashierForgotPasswordPage - Clicking on Reset Button
2026-05-09 01:37:15 [main] INFO  CashierForgotPasswordPageTest - Clicked on Reset Button
2026-05-09 01:37:15 [main] INFO  CashierForgotPasswordPageTest - Waiting For Presence of Alert
2026-05-09 01:37:15 [main] INFO  CashierForgotPasswordPageTest - Switching to Alert
2026-05-09 01:37:16 [main] INFO  CashierForgotPasswordPageTest - Browser Closed
2026-05-09 01:37:16 [main] INFO  CashierForgotPasswordPageTest - ========= ENDING TEST: resetToOriginalPasswordTest =========
2026-05-09 01:37:16 [main] INFO  Utils - [TestNG] Time taken by org.testng.reporters.jq.Main@61e7bf2f: 282 ms
2026-05-09 01:37:16 [main] INFO  Utils - [TestNG] Time taken by org.testng.reporters.FailedReporter@7f7af971: 1 ms
2026-05-09 01:37:16 [main] INFO  Utils - [TestNG] Time taken by org.testng.reporters.XMLReporter@3d7b1f1c: 11 ms
2026-05-09 01:37:16 [main] INFO  Utils - [TestNG] Time taken by org.testng.reporters.EmailableReporter2@719d35e8: 20 ms
2026-05-09 01:37:16 [main] INFO  Utils - [TestNG] Time taken by org.testng.reporters.JUnitReportReporter@4a34e9f: 8 ms
2026-05-09 01:37:16 [main] INFO  Utils - [TestNG] Time taken by org.testng.internal.ExitCodeListener@6f6621e3: 0 ms
2026-05-09 01:37:31 [main] INFO  Utils - [Utils] MethodGroupsHelper.collectMethodsByGroup() took 1 ms.
2026-05-09 01:37:31 [main] INFO  Utils - [Utils] MethodGroupsHelper.sortMethods() took 1 ms.
2026-05-09 01:37:31 [main] INFO  Utils - [Utils] MethodGroupsHelper.collectMethodsByGroup() took 0 ms.
2026-05-09 01:37:31 [main] INFO  Utils - [Utils] MethodGroupsHelper.sortMethods() took 0 ms.
2026-05-09 01:37:31 [main] INFO  Utils - [Utils] MethodGroupsHelper.collectMethodsByGroup() took 0 ms.
2026-05-09 01:37:31 [main] INFO  Utils - [Utils] MethodGroupsHelper.sortMethods() took 0 ms.
2026-05-09 01:37:31 [main] INFO  Utils - [Utils] MethodGroupsHelper.collectMethodsByGroup() took 0 ms.
2026-05-09 01:37:31 [main] INFO  Utils - [Utils] MethodGroupsHelper.sortMethods() took 0 ms.
2026-05-09 01:37:31 [main] INFO  Utils - [Utils] MethodGroupsHelper.collectMethodsByGroup() took 0 ms.
2026-05-09 01:37:31 [main] INFO  Utils - [Utils] MethodGroupsHelper.sortMethods() took 0 ms.
2026-05-09 01:37:31 [main] INFO  Utils - [Utils] MethodGroupsHelper.collectMethodsByGroup() took 0 ms.
2026-05-09 01:37:31 [main] INFO  Utils - [Utils] MethodGroupsHelper.sortMethods() took 0 ms.
2026-05-09 01:37:31 [main] INFO  Utils - [Utils] MethodGroupsHelper.collectMethodsByGroup() took 0 ms.
2026-05-09 01:37:31 [main] INFO  Utils - [Utils] MethodGroupsHelper.sortMethods() took 0 ms.
2026-05-09 01:37:31 [main] INFO  Utils - [Utils] MethodGroupsHelper.collectMethodsByGroup() took 0 ms.
2026-05-09 01:37:31 [main] INFO  Utils - [Utils] MethodGroupsHelper.sortMethods() took 0 ms.
2026-05-09 01:37:31 [main] INFO  Utils - [Utils] MethodGroupsHelper.collectMethodsByGroup() took 7 ms.
2026-05-09 01:37:32 [main] INFO  Utils - [Utils] MethodGroupsHelper.sortMethods() took 38 ms.
2026-05-09 01:37:32 [main] INFO  Utils - [Utils] MethodGroupsHelper.collectMethodsByGroup() took 0 ms.
2026-05-09 01:37:32 [main] INFO  Utils - [Utils] MethodGroupsHelper.sortMethods() took 1 ms.
2026-05-09 01:37:32 [main] INFO  Utils - [Utils] MethodGroupsHelper.collectMethodsByGroup() took 0 ms.
2026-05-09 01:37:32 [main] INFO  Utils - [Utils] MethodGroupsHelper.sortMethods() took 0 ms.
2026-05-09 01:37:32 [main] INFO  Utils - [Utils] MethodGroupsHelper.collectMethodsByGroup() took 0 ms.
2026-05-09 01:37:32 [main] INFO  Utils - [Utils] MethodGroupsHelper.sortMethods() took 0 ms.
2026-05-09 01:37:32 [main] INFO  Utils - [Utils] MethodGroupsHelper.collectMethodsByGroup() took 29 ms.
2026-05-09 01:37:32 [main] INFO  Utils - [Utils] MethodGroupsHelper.sortMethods() took 0 ms.
2026-05-09 01:37:32 [main] INFO  Utils - [Utils] MethodGroupsHelper.collectMethodsByGroup() took 0 ms.
2026-05-09 01:37:32 [main] INFO  Utils - [Utils] MethodGroupsHelper.sortMethods() took 0 ms.
2026-05-09 01:37:32 [main] INFO  Utils - [Utils] MethodGroupsHelper.collectMethodsByGroup() took 0 ms.
2026-05-09 01:37:32 [main] INFO  Utils - [Utils] MethodGroupsHelper.sortMethods() took 0 ms.
2026-05-09 01:37:32 [main] INFO  Utils - [TestNG] Running:
  C:\Users\Admin\AppData\Local\Temp\testng-eclipse--688833511\testng-customsuite.xml

2026-05-09 01:37:32 [main] INFO  Utils - [Utils] DynamicGraphHelper.createDynamicGraph() took 6 ms.
2026-05-09 01:37:32 [main] INFO  CashierForgotPasswordPageTest - ========= STARTING TEST: TC362_verifyCashierisAbleToResetPasswordwithLeadingorTrailingSpacesinPasswordFieldTest =========
2026-05-09 01:37:32 [main] INFO  TestBase - Launching Browser
2026-05-09 01:37:35 [main] INFO  TestBase - Maximizing window
2026-05-09 01:37:35 [main] INFO  TestBase - deleting all cookies
2026-05-09 01:37:35 [main] INFO  TestBase - launching URL
2026-05-09 01:37:38 [main] INFO  TestBase - Homepage Launched
2026-05-09 01:37:38 [main] INFO  CashierForgotPasswordPageTest - Initializing Wait Utils
2026-05-09 01:37:38 [main] INFO  CashierForgotPasswordPageTest - Initializing Soft Asssert
2026-05-09 01:37:38 [main] INFO  CashierForgotPasswordPageTest - Initializing Home Page
2026-05-09 01:37:38 [main] INFO  CashierForgotPasswordPageTest - Checking Cashier Login Link is Clickable
2026-05-09 01:37:38 [main] INFO  Homepage - Checking Cashier Link is Visible
2026-05-09 01:37:38 [main] INFO  Homepage - Cashier link is Visible
2026-05-09 01:37:38 [main] INFO  Homepage - Checking Cashier Link is Clickable
2026-05-09 01:37:38 [main] INFO  Homepage - Cashier Link is Clickable
2026-05-09 01:37:38 [main] INFO  CashierForgotPasswordPageTest - Clicking on Cashier Login Link
2026-05-09 01:37:39 [main] INFO  CashierForgotPasswordPageTest - Navigating to Cashier Login Page
2026-05-09 01:37:39 [main] INFO  CashierForgotPasswordPageTest - Waiting for Visibility of Elements on Cashier Login Page
2026-05-09 01:37:39 [main] INFO  CashierLoginPage - waiting for cashier login page title to be present
2026-05-09 01:37:39 [main] INFO  CashierLoginPage - cashier login page title is present
2026-05-09 01:37:39 [main] INFO  CashierLoginPage - waiting for login button to be clickable
2026-05-09 01:37:39 [main] INFO  CashierLoginPage - log in button is clickable
2026-05-09 01:37:39 [main] INFO  CashierLoginPage - waiting for password input field to be visible
2026-05-09 01:37:39 [main] INFO  CashierLoginPage - password input field is Visible
2026-05-09 01:37:39 [main] INFO  CashierLoginPage - waiting for employee id input field to be visible
2026-05-09 01:37:39 [main] INFO  CashierLoginPage - employee id input field is Visible
2026-05-09 01:37:39 [main] INFO  CashierLoginPage - waiting for password input field to be Clickable
2026-05-09 01:37:39 [main] INFO  CashierLoginPage - password input field is Clickable
2026-05-09 01:37:39 [main] INFO  CashierLoginPage - waiting for employee id input field to be Clickable
2026-05-09 01:37:39 [main] INFO  CashierLoginPage - employee id input field is Clickable
2026-05-09 01:37:39 [main] INFO  CashierForgotPasswordPageTest - Sucessfully Navigated to Cashier Login Page
2026-05-09 01:37:39 [main] INFO  CashierForgotPasswordPageTest - Clicking on Forgot Password Link
2026-05-09 01:37:39 [main] INFO  CashierLoginPage - Clicking on Forgot password link
2026-05-09 01:37:39 [main] INFO  CashierForgotPasswordPageTest - Navigating to Forgot Password Page
2026-05-09 01:37:39 [main] INFO  CashierForgotPasswordPage - Checking Forgot Password Page Title is present
2026-05-09 01:37:39 [main] INFO  CashierForgotPasswordPage - Extracting title of Forgot Password Page
2026-05-09 01:37:39 [main] INFO  CashierForgotPasswordPageTest - Checking Input Fields are Enabled
2026-05-09 01:37:39 [main] INFO  CashierForgotPasswordPage - Checking Email address Field is Enabled
2026-05-09 01:37:39 [main] INFO  CashierForgotPasswordPage - Checking Mobile Number Field is Enabled
2026-05-09 01:37:39 [main] INFO  CashierForgotPasswordPage - Checking New Password Field is Enabled
2026-05-09 01:37:39 [main] INFO  CashierForgotPasswordPage - Checking Confirm Password Field is Enabled
2026-05-09 01:37:39 [main] INFO  CashierForgotPasswordPageTest - Forgot Password Page is Successfully Loaded
2026-05-09 01:37:39 [main] INFO  CashierForgotPasswordPage - Entering Email Address  vikram.joshi209@gmail.com
2026-05-09 01:37:40 [main] INFO  CashierForgotPasswordPageTest - Email Address Entered
2026-05-09 01:37:40 [main] INFO  CashierForgotPasswordPage - Entering Mobile Number  123
2026-05-09 01:37:40 [main] INFO  CashierForgotPasswordPageTest - Mobile Number Entered
2026-05-09 01:37:40 [main] INFO  CashierForgotPasswordPage - Entering New Password Sagar@19    
2026-05-09 01:37:40 [main] INFO  CashierForgotPasswordPageTest - New Password Entered
2026-05-09 01:37:40 [main] INFO  CashierForgotPasswordPage - Entering Confirm Password Sagar@19    
2026-05-09 01:37:40 [main] INFO  CashierForgotPasswordPageTest - Confirm Password Entered
2026-05-09 01:37:40 [main] INFO  CashierForgotPasswordPage - Clicking on Reset Button
2026-05-09 01:37:40 [main] INFO  CashierForgotPasswordPageTest - Clicked on Reset Button
2026-05-09 01:37:40 [main] INFO  CashierForgotPasswordPageTest - Waiting For Presence of Alert
2026-05-09 01:37:40 [main] INFO  CashierForgotPasswordPageTest - Switching to Alert
2026-05-09 01:37:40 [main] INFO  CashierForgotPasswordPage - Waiting for visibility of all fields on Forgot Password Page
2026-05-09 01:37:41 [main] INFO  CashierForgotPasswordPage - Waiting for Forgot Password Page title to be present
2026-05-09 01:37:41 [main] INFO  CashierForgotPasswordPage - Clicking on Back to Homepage Link
2026-05-09 01:37:41 [main] INFO  CashierForgotPasswordPageTest - Clicked on Back to HomePage Link
2026-05-09 01:37:43 [main] INFO  CashierForgotPasswordPageTest - Checking Cashier Login Link is Clickable
2026-05-09 01:37:43 [main] INFO  Homepage - Checking Cashier Link is Visible
2026-05-09 01:37:43 [main] INFO  Homepage - Cashier link is Visible
2026-05-09 01:37:43 [main] INFO  Homepage - Checking Cashier Link is Clickable
2026-05-09 01:37:43 [main] INFO  Homepage - Cashier Link is Clickable
2026-05-09 01:37:43 [main] INFO  CashierForgotPasswordPageTest - Clicking on Cashier Login Link
2026-05-09 01:37:43 [main] INFO  CashierForgotPasswordPageTest - Navigating to Cashier Login Page
2026-05-09 01:37:43 [main] INFO  CashierForgotPasswordPageTest - Waiting for Visibility of Elements on Cashier Login Page
2026-05-09 01:37:43 [main] INFO  CashierLoginPage - waiting for cashier login page title to be present
2026-05-09 01:37:43 [main] INFO  CashierLoginPage - cashier login page title is present
2026-05-09 01:37:43 [main] INFO  CashierLoginPage - waiting for login button to be clickable
2026-05-09 01:37:43 [main] INFO  CashierLoginPage - log in button is clickable
2026-05-09 01:37:43 [main] INFO  CashierLoginPage - waiting for password input field to be visible
2026-05-09 01:37:43 [main] INFO  CashierLoginPage - password input field is Visible
2026-05-09 01:37:43 [main] INFO  CashierLoginPage - waiting for employee id input field to be visible
2026-05-09 01:37:43 [main] INFO  CashierLoginPage - employee id input field is Visible
2026-05-09 01:37:43 [main] INFO  CashierLoginPage - waiting for password input field to be Clickable
2026-05-09 01:37:43 [main] INFO  CashierLoginPage - password input field is Clickable
2026-05-09 01:37:43 [main] INFO  CashierLoginPage - waiting for employee id input field to be Clickable
2026-05-09 01:37:43 [main] INFO  CashierLoginPage - employee id input field is Clickable
2026-05-09 01:37:43 [main] INFO  CashierForgotPasswordPageTest - Sucessfully Navigated to Cashier Login Page
2026-05-09 01:37:43 [main] INFO  CashierLoginPage - Entering Employee id
2026-05-09 01:37:43 [main] INFO  CashierForgotPasswordPageTest - Entered Employee ID
2026-05-09 01:37:43 [main] INFO  CashierLoginPage - Entering Password
2026-05-09 01:37:44 [main] INFO  CashierForgotPasswordPageTest - Entered Password
2026-05-09 01:37:44 [main] INFO  CashierLoginPage - Clicking on Loginbutton
2026-05-09 01:37:44 [main] INFO  CashierForgotPasswordPageTest - Clicked on Login Button
2026-05-09 01:37:44 [main] INFO  CashierForgotPasswordPageTest - Switching to Alert
2026-05-09 01:37:44 [main] INFO  CashierForgotPasswordPageTest - Browser Closed
2026-05-09 01:37:44 [main] INFO  CashierForgotPasswordPageTest - ========= ENDING TEST: TC362_verifyCashierisAbleToResetPasswordwithLeadingorTrailingSpacesinPasswordFieldTest =========
2026-05-09 01:37:45 [main] INFO  Utils - [TestNG] Time taken by org.testng.reporters.jq.Main@64b3b1ce: 222 ms
2026-05-09 01:37:45 [main] INFO  Utils - [TestNG] Time taken by org.testng.reporters.FailedReporter@5a2fa51f: 18 ms
2026-05-09 01:37:45 [main] INFO  Utils - [TestNG] Time taken by org.testng.reporters.XMLReporter@435e60ff: 23 ms
2026-05-09 01:37:45 [main] INFO  Utils - [TestNG] Time taken by org.testng.reporters.EmailableReporter2@6850b758: 14 ms
2026-05-09 01:37:45 [main] INFO  Utils - [TestNG] Time taken by org.testng.reporters.JUnitReportReporter@c6c82aa: 13 ms
2026-05-09 01:37:45 [main] INFO  Utils - [TestNG] Time taken by org.testng.internal.ExitCodeListener@2e179f3e: 0 ms
2026-05-09 01:39:39 [main] INFO  Utils - [Utils] MethodGroupsHelper.collectMethodsByGroup() took 2 ms.
2026-05-09 01:39:39 [main] INFO  Utils - [Utils] MethodGroupsHelper.sortMethods() took 2 ms.
2026-05-09 01:39:39 [main] INFO  Utils - [Utils] MethodGroupsHelper.collectMethodsByGroup() took 0 ms.
2026-05-09 01:39:39 [main] INFO  Utils - [Utils] MethodGroupsHelper.sortMethods() took 0 ms.
2026-05-09 01:39:39 [main] INFO  Utils - [Utils] MethodGroupsHelper.collectMethodsByGroup() took 0 ms.
2026-05-09 01:39:39 [main] INFO  Utils - [Utils] MethodGroupsHelper.sortMethods() took 0 ms.
2026-05-09 01:39:39 [main] INFO  Utils - [Utils] MethodGroupsHelper.collectMethodsByGroup() took 0 ms.
2026-05-09 01:39:39 [main] INFO  Utils - [Utils] MethodGroupsHelper.sortMethods() took 0 ms.
2026-05-09 01:39:39 [main] INFO  Utils - [Utils] MethodGroupsHelper.collectMethodsByGroup() took 0 ms.
2026-05-09 01:39:39 [main] INFO  Utils - [Utils] MethodGroupsHelper.sortMethods() took 0 ms.
2026-05-09 01:39:39 [main] INFO  Utils - [Utils] MethodGroupsHelper.collectMethodsByGroup() took 0 ms.
2026-05-09 01:39:39 [main] INFO  Utils - [Utils] MethodGroupsHelper.sortMethods() took 1 ms.
2026-05-09 01:39:39 [main] INFO  Utils - [Utils] MethodGroupsHelper.collectMethodsByGroup() took 0 ms.
2026-05-09 01:39:39 [main] INFO  Utils - [Utils] MethodGroupsHelper.sortMethods() took 0 ms.
2026-05-09 01:39:39 [main] INFO  Utils - [Utils] MethodGroupsHelper.collectMethodsByGroup() took 0 ms.
2026-05-09 01:39:39 [main] INFO  Utils - [Utils] MethodGroupsHelper.sortMethods() took 0 ms.
2026-05-09 01:39:39 [main] INFO  Utils - [Utils] MethodGroupsHelper.collectMethodsByGroup() took 6 ms.
2026-05-09 01:39:39 [main] INFO  Utils - [Utils] MethodGroupsHelper.sortMethods() took 34 ms.
2026-05-09 01:39:39 [main] INFO  Utils - [Utils] MethodGroupsHelper.collectMethodsByGroup() took 1 ms.
2026-05-09 01:39:39 [main] INFO  Utils - [Utils] MethodGroupsHelper.sortMethods() took 0 ms.
2026-05-09 01:39:39 [main] INFO  Utils - [Utils] MethodGroupsHelper.collectMethodsByGroup() took 0 ms.
2026-05-09 01:39:39 [main] INFO  Utils - [Utils] MethodGroupsHelper.sortMethods() took 0 ms.
2026-05-09 01:39:39 [main] INFO  Utils - [Utils] MethodGroupsHelper.collectMethodsByGroup() took 0 ms.
2026-05-09 01:39:39 [main] INFO  Utils - [Utils] MethodGroupsHelper.sortMethods() took 0 ms.
2026-05-09 01:39:39 [main] INFO  Utils - [Utils] MethodGroupsHelper.collectMethodsByGroup() took 21 ms.
2026-05-09 01:39:39 [main] INFO  Utils - [Utils] MethodGroupsHelper.sortMethods() took 0 ms.
2026-05-09 01:39:39 [main] INFO  Utils - [Utils] MethodGroupsHelper.collectMethodsByGroup() took 0 ms.
2026-05-09 01:39:39 [main] INFO  Utils - [Utils] MethodGroupsHelper.sortMethods() took 0 ms.
2026-05-09 01:39:39 [main] INFO  Utils - [Utils] MethodGroupsHelper.collectMethodsByGroup() took 0 ms.
2026-05-09 01:39:39 [main] INFO  Utils - [Utils] MethodGroupsHelper.sortMethods() took 0 ms.
2026-05-09 01:39:39 [main] INFO  Utils - [TestNG] Running:
  C:\Users\Admin\AppData\Local\Temp\testng-eclipse-153518104\testng-customsuite.xml

2026-05-09 01:39:39 [main] INFO  Utils - [Utils] DynamicGraphHelper.createDynamicGraph() took 9 ms.
2026-05-09 01:39:39 [main] INFO  CashierForgotPasswordPageTest - ========= STARTING TEST: resetToOriginalPasswordTest =========
2026-05-09 01:39:39 [main] INFO  TestBase - Launching Browser
2026-05-09 01:39:42 [main] INFO  TestBase - Maximizing window
2026-05-09 01:39:43 [main] INFO  TestBase - deleting all cookies
2026-05-09 01:39:43 [main] INFO  TestBase - launching URL
2026-05-09 01:39:46 [main] INFO  TestBase - Homepage Launched
2026-05-09 01:39:46 [main] INFO  CashierForgotPasswordPageTest - Initializing Wait Utils
2026-05-09 01:39:46 [main] INFO  CashierForgotPasswordPageTest - Initializing Soft Asssert
2026-05-09 01:39:46 [main] INFO  CashierForgotPasswordPageTest - Initializing Home Page
2026-05-09 01:39:46 [main] INFO  CashierForgotPasswordPageTest - Checking Cashier Login Link is Clickable
2026-05-09 01:39:46 [main] INFO  Homepage - Checking Cashier Link is Visible
2026-05-09 01:39:46 [main] INFO  Homepage - Cashier link is Visible
2026-05-09 01:39:46 [main] INFO  Homepage - Checking Cashier Link is Clickable
2026-05-09 01:39:46 [main] INFO  Homepage - Cashier Link is Clickable
2026-05-09 01:39:46 [main] INFO  CashierForgotPasswordPageTest - Clicking on Cashier Login Link
2026-05-09 01:39:46 [main] INFO  CashierForgotPasswordPageTest - Navigating to Cashier Login Page
2026-05-09 01:39:46 [main] INFO  CashierForgotPasswordPageTest - Waiting for Visibility of Elements on Cashier Login Page
2026-05-09 01:39:46 [main] INFO  CashierLoginPage - waiting for cashier login page title to be present
2026-05-09 01:39:47 [main] INFO  CashierLoginPage - cashier login page title is present
2026-05-09 01:39:47 [main] INFO  CashierLoginPage - waiting for login button to be clickable
2026-05-09 01:39:47 [main] INFO  CashierLoginPage - log in button is clickable
2026-05-09 01:39:47 [main] INFO  CashierLoginPage - waiting for password input field to be visible
2026-05-09 01:39:47 [main] INFO  CashierLoginPage - password input field is Visible
2026-05-09 01:39:47 [main] INFO  CashierLoginPage - waiting for employee id input field to be visible
2026-05-09 01:39:47 [main] INFO  CashierLoginPage - employee id input field is Visible
2026-05-09 01:39:47 [main] INFO  CashierLoginPage - waiting for password input field to be Clickable
2026-05-09 01:39:47 [main] INFO  CashierLoginPage - password input field is Clickable
2026-05-09 01:39:47 [main] INFO  CashierLoginPage - waiting for employee id input field to be Clickable
2026-05-09 01:39:47 [main] INFO  CashierLoginPage - employee id input field is Clickable
2026-05-09 01:39:47 [main] INFO  CashierForgotPasswordPageTest - Sucessfully Navigated to Cashier Login Page
2026-05-09 01:39:47 [main] INFO  CashierForgotPasswordPageTest - Clicking on Forgot Password Link
2026-05-09 01:39:47 [main] INFO  CashierLoginPage - Clicking on Forgot password link
2026-05-09 01:39:47 [main] INFO  CashierForgotPasswordPageTest - Navigating to Forgot Password Page
2026-05-09 01:39:47 [main] INFO  CashierForgotPasswordPage - Checking Forgot Password Page Title is present
2026-05-09 01:39:47 [main] INFO  CashierForgotPasswordPage - Extracting title of Forgot Password Page
2026-05-09 01:39:47 [main] INFO  CashierForgotPasswordPageTest - Checking Input Fields are Enabled
2026-05-09 01:39:47 [main] INFO  CashierForgotPasswordPage - Checking Email address Field is Enabled
2026-05-09 01:39:47 [main] INFO  CashierForgotPasswordPage - Checking Mobile Number Field is Enabled
2026-05-09 01:39:47 [main] INFO  CashierForgotPasswordPage - Checking New Password Field is Enabled
2026-05-09 01:39:47 [main] INFO  CashierForgotPasswordPage - Checking Confirm Password Field is Enabled
2026-05-09 01:39:47 [main] INFO  CashierForgotPasswordPageTest - Forgot Password Page is Successfully Loaded
2026-05-09 01:39:47 [main] INFO  CashierForgotPasswordPage - Entering Email Address  vikram.joshi209@gmail.com
2026-05-09 01:39:47 [main] INFO  CashierForgotPasswordPageTest - Email Address Entered
2026-05-09 01:39:47 [main] INFO  CashierForgotPasswordPage - Entering Mobile Number  123
2026-05-09 01:39:48 [main] INFO  CashierForgotPasswordPageTest - Mobile Number Entered
2026-05-09 01:39:48 [main] INFO  CashierForgotPasswordPage - Entering New Password Vikram@852
2026-05-09 01:39:48 [main] INFO  CashierForgotPasswordPageTest - New Password Entered
2026-05-09 01:39:48 [main] INFO  CashierForgotPasswordPage - Entering Confirm Password Vikram@852
2026-05-09 01:39:48 [main] INFO  CashierForgotPasswordPageTest - Confirm Password Entered
2026-05-09 01:39:48 [main] INFO  CashierForgotPasswordPage - Clicking on Reset Button
2026-05-09 01:39:48 [main] INFO  CashierForgotPasswordPageTest - Clicked on Reset Button
2026-05-09 01:39:48 [main] INFO  CashierForgotPasswordPageTest - Waiting For Presence of Alert
2026-05-09 01:39:48 [main] INFO  CashierForgotPasswordPageTest - Switching to Alert
2026-05-09 01:39:48 [main] INFO  CashierForgotPasswordPageTest - Browser Closed
2026-05-09 01:39:49 [main] INFO  CashierForgotPasswordPageTest - ========= ENDING TEST: resetToOriginalPasswordTest =========
2026-05-09 01:39:49 [main] INFO  Utils - [TestNG] Time taken by org.testng.reporters.jq.Main@1a28b346: 181 ms
2026-05-09 01:39:49 [main] INFO  Utils - [TestNG] Time taken by org.testng.reporters.FailedReporter@23382f76: 2 ms
2026-05-09 01:39:49 [main] INFO  Utils - [TestNG] Time taken by org.testng.reporters.XMLReporter@51ce6f85: 11 ms
2026-05-09 01:39:49 [main] INFO  Utils - [TestNG] Time taken by org.testng.reporters.EmailableReporter2@2f651f93: 7 ms
2026-05-09 01:39:49 [main] INFO  Utils - [TestNG] Time taken by org.testng.reporters.JUnitReportReporter@6f6621e3: 11 ms
2026-05-09 01:39:49 [main] INFO  Utils - [TestNG] Time taken by org.testng.internal.ExitCodeListener@3fc05ea2: 0 ms
2026-05-09 01:40:54 [main] INFO  Utils - [Utils] MethodGroupsHelper.collectMethodsByGroup() took 1 ms.
2026-05-09 01:40:54 [main] INFO  Utils - [Utils] MethodGroupsHelper.sortMethods() took 2 ms.
2026-05-09 01:40:54 [main] INFO  Utils - [Utils] MethodGroupsHelper.collectMethodsByGroup() took 0 ms.
2026-05-09 01:40:54 [main] INFO  Utils - [Utils] MethodGroupsHelper.sortMethods() took 0 ms.
2026-05-09 01:40:54 [main] INFO  Utils - [Utils] MethodGroupsHelper.collectMethodsByGroup() took 0 ms.
2026-05-09 01:40:54 [main] INFO  Utils - [Utils] MethodGroupsHelper.sortMethods() took 0 ms.
2026-05-09 01:40:54 [main] INFO  Utils - [Utils] MethodGroupsHelper.collectMethodsByGroup() took 0 ms.
2026-05-09 01:40:54 [main] INFO  Utils - [Utils] MethodGroupsHelper.sortMethods() took 0 ms.
2026-05-09 01:40:54 [main] INFO  Utils - [Utils] MethodGroupsHelper.collectMethodsByGroup() took 0 ms.
2026-05-09 01:40:54 [main] INFO  Utils - [Utils] MethodGroupsHelper.sortMethods() took 0 ms.
2026-05-09 01:40:54 [main] INFO  Utils - [Utils] MethodGroupsHelper.collectMethodsByGroup() took 0 ms.
2026-05-09 01:40:54 [main] INFO  Utils - [Utils] MethodGroupsHelper.sortMethods() took 0 ms.
2026-05-09 01:40:54 [main] INFO  Utils - [Utils] MethodGroupsHelper.collectMethodsByGroup() took 0 ms.
2026-05-09 01:40:54 [main] INFO  Utils - [Utils] MethodGroupsHelper.sortMethods() took 0 ms.
2026-05-09 01:40:54 [main] INFO  Utils - [Utils] MethodGroupsHelper.collectMethodsByGroup() took 0 ms.
2026-05-09 01:40:54 [main] INFO  Utils - [Utils] MethodGroupsHelper.sortMethods() took 0 ms.
2026-05-09 01:40:54 [main] INFO  Utils - [Utils] MethodGroupsHelper.collectMethodsByGroup() took 5 ms.
2026-05-09 01:40:54 [main] INFO  Utils - [Utils] MethodGroupsHelper.sortMethods() took 42 ms.
2026-05-09 01:40:55 [main] INFO  Utils - [Utils] MethodGroupsHelper.collectMethodsByGroup() took 1 ms.
2026-05-09 01:40:55 [main] INFO  Utils - [Utils] MethodGroupsHelper.sortMethods() took 0 ms.
2026-05-09 01:40:55 [main] INFO  Utils - [Utils] MethodGroupsHelper.collectMethodsByGroup() took 0 ms.
2026-05-09 01:40:55 [main] INFO  Utils - [Utils] MethodGroupsHelper.sortMethods() took 0 ms.
2026-05-09 01:40:55 [main] INFO  Utils - [Utils] MethodGroupsHelper.collectMethodsByGroup() took 0 ms.
2026-05-09 01:40:55 [main] INFO  Utils - [Utils] MethodGroupsHelper.sortMethods() took 0 ms.
2026-05-09 01:40:55 [main] INFO  Utils - [Utils] MethodGroupsHelper.collectMethodsByGroup() took 16 ms.
2026-05-09 01:40:55 [main] INFO  Utils - [Utils] MethodGroupsHelper.sortMethods() took 0 ms.
2026-05-09 01:40:55 [main] INFO  Utils - [Utils] MethodGroupsHelper.collectMethodsByGroup() took 0 ms.
2026-05-09 01:40:55 [main] INFO  Utils - [Utils] MethodGroupsHelper.sortMethods() took 0 ms.
2026-05-09 01:40:55 [main] INFO  Utils - [Utils] MethodGroupsHelper.collectMethodsByGroup() took 0 ms.
2026-05-09 01:40:55 [main] INFO  Utils - [Utils] MethodGroupsHelper.sortMethods() took 0 ms.
2026-05-09 01:40:55 [main] INFO  Utils - [TestNG] Running:
  C:\Users\Admin\AppData\Local\Temp\testng-eclipse--534089477\testng-customsuite.xml

2026-05-09 01:40:55 [main] INFO  Utils - [Utils] DynamicGraphHelper.createDynamicGraph() took 5 ms.
2026-05-09 01:40:55 [main] INFO  CashierForgotPasswordPageTest - ========= STARTING TEST: TC362_verifyCashierisAbleToResetPasswordwithLeadingorTrailingSpacesinPasswordFieldTest =========
2026-05-09 01:40:55 [main] INFO  TestBase - Launching Browser
2026-05-09 01:40:57 [main] INFO  TestBase - Maximizing window
2026-05-09 01:40:58 [main] INFO  TestBase - deleting all cookies
2026-05-09 01:40:58 [main] INFO  TestBase - launching URL
2026-05-09 01:41:02 [main] INFO  TestBase - Homepage Launched
2026-05-09 01:41:02 [main] INFO  CashierForgotPasswordPageTest - Initializing Wait Utils
2026-05-09 01:41:02 [main] INFO  CashierForgotPasswordPageTest - Initializing Soft Asssert
2026-05-09 01:41:02 [main] INFO  CashierForgotPasswordPageTest - Initializing Home Page
2026-05-09 01:41:02 [main] INFO  CashierForgotPasswordPageTest - Checking Cashier Login Link is Clickable
2026-05-09 01:41:02 [main] INFO  Homepage - Checking Cashier Link is Visible
2026-05-09 01:41:02 [main] INFO  Homepage - Cashier link is Visible
2026-05-09 01:41:02 [main] INFO  Homepage - Checking Cashier Link is Clickable
2026-05-09 01:41:02 [main] INFO  Homepage - Cashier Link is Clickable
2026-05-09 01:41:02 [main] INFO  CashierForgotPasswordPageTest - Clicking on Cashier Login Link
2026-05-09 01:41:03 [main] INFO  CashierForgotPasswordPageTest - Navigating to Cashier Login Page
2026-05-09 01:41:03 [main] INFO  CashierForgotPasswordPageTest - Waiting for Visibility of Elements on Cashier Login Page
2026-05-09 01:41:03 [main] INFO  CashierLoginPage - waiting for cashier login page title to be present
2026-05-09 01:41:03 [main] INFO  CashierLoginPage - cashier login page title is present
2026-05-09 01:41:03 [main] INFO  CashierLoginPage - waiting for login button to be clickable
2026-05-09 01:41:03 [main] INFO  CashierLoginPage - log in button is clickable
2026-05-09 01:41:03 [main] INFO  CashierLoginPage - waiting for password input field to be visible
2026-05-09 01:41:03 [main] INFO  CashierLoginPage - password input field is Visible
2026-05-09 01:41:03 [main] INFO  CashierLoginPage - waiting for employee id input field to be visible
2026-05-09 01:41:03 [main] INFO  CashierLoginPage - employee id input field is Visible
2026-05-09 01:41:03 [main] INFO  CashierLoginPage - waiting for password input field to be Clickable
2026-05-09 01:41:03 [main] INFO  CashierLoginPage - password input field is Clickable
2026-05-09 01:41:03 [main] INFO  CashierLoginPage - waiting for employee id input field to be Clickable
2026-05-09 01:41:03 [main] INFO  CashierLoginPage - employee id input field is Clickable
2026-05-09 01:41:03 [main] INFO  CashierForgotPasswordPageTest - Sucessfully Navigated to Cashier Login Page
2026-05-09 01:41:03 [main] INFO  CashierForgotPasswordPageTest - Clicking on Forgot Password Link
2026-05-09 01:41:03 [main] INFO  CashierLoginPage - Clicking on Forgot password link
2026-05-09 01:41:04 [main] INFO  CashierForgotPasswordPageTest - Navigating to Forgot Password Page
2026-05-09 01:41:04 [main] INFO  CashierForgotPasswordPage - Checking Forgot Password Page Title is present
2026-05-09 01:41:04 [main] INFO  CashierForgotPasswordPage - Extracting title of Forgot Password Page
2026-05-09 01:41:04 [main] INFO  CashierForgotPasswordPageTest - Checking Input Fields are Enabled
2026-05-09 01:41:04 [main] INFO  CashierForgotPasswordPage - Checking Email address Field is Enabled
2026-05-09 01:41:04 [main] INFO  CashierForgotPasswordPage - Checking Mobile Number Field is Enabled
2026-05-09 01:41:04 [main] INFO  CashierForgotPasswordPage - Checking New Password Field is Enabled
2026-05-09 01:41:04 [main] INFO  CashierForgotPasswordPage - Checking Confirm Password Field is Enabled
2026-05-09 01:41:04 [main] INFO  CashierForgotPasswordPageTest - Forgot Password Page is Successfully Loaded
2026-05-09 01:41:04 [main] INFO  CashierForgotPasswordPage - Entering Email Address  vikram.joshi209@gmail.com
2026-05-09 01:41:04 [main] INFO  CashierForgotPasswordPageTest - Email Address Entered
2026-05-09 01:41:04 [main] INFO  CashierForgotPasswordPage - Entering Mobile Number  123
2026-05-09 01:41:04 [main] INFO  CashierForgotPasswordPageTest - Mobile Number Entered
2026-05-09 01:41:04 [main] INFO  CashierForgotPasswordPage - Entering New Password Sagar@19   
2026-05-09 01:41:04 [main] INFO  CashierForgotPasswordPageTest - New Password Entered
2026-05-09 01:41:04 [main] INFO  CashierForgotPasswordPage - Entering Confirm Password Sagar@19   
2026-05-09 01:41:04 [main] INFO  CashierForgotPasswordPageTest - Confirm Password Entered
2026-05-09 01:41:04 [main] INFO  CashierForgotPasswordPage - Clicking on Reset Button
2026-05-09 01:41:05 [main] INFO  CashierForgotPasswordPageTest - Clicked on Reset Button
2026-05-09 01:41:05 [main] INFO  CashierForgotPasswordPageTest - Waiting For Presence of Alert
2026-05-09 01:41:05 [main] INFO  CashierForgotPasswordPageTest - Switching to Alert
2026-05-09 01:41:05 [main] INFO  CashierForgotPasswordPage - Waiting for visibility of all fields on Forgot Password Page
2026-05-09 01:41:05 [main] INFO  CashierForgotPasswordPage - Waiting for Forgot Password Page title to be present
2026-05-09 01:41:05 [main] INFO  CashierForgotPasswordPage - Clicking on Back to Homepage Link
2026-05-09 01:41:05 [main] INFO  CashierForgotPasswordPageTest - Clicked on Back to HomePage Link
2026-05-09 01:41:07 [main] INFO  CashierForgotPasswordPageTest - Checking Cashier Login Link is Clickable
2026-05-09 01:41:07 [main] INFO  Homepage - Checking Cashier Link is Visible
2026-05-09 01:41:07 [main] INFO  Homepage - Cashier link is Visible
2026-05-09 01:41:07 [main] INFO  Homepage - Checking Cashier Link is Clickable
2026-05-09 01:41:07 [main] INFO  Homepage - Cashier Link is Clickable
2026-05-09 01:41:07 [main] INFO  CashierForgotPasswordPageTest - Clicking on Cashier Login Link
2026-05-09 01:41:07 [main] INFO  CashierForgotPasswordPageTest - Navigating to Cashier Login Page
2026-05-09 01:41:07 [main] INFO  CashierForgotPasswordPageTest - Waiting for Visibility of Elements on Cashier Login Page
2026-05-09 01:41:07 [main] INFO  CashierLoginPage - waiting for cashier login page title to be present
2026-05-09 01:41:07 [main] INFO  CashierLoginPage - cashier login page title is present
2026-05-09 01:41:07 [main] INFO  CashierLoginPage - waiting for login button to be clickable
2026-05-09 01:41:07 [main] INFO  CashierLoginPage - log in button is clickable
2026-05-09 01:41:07 [main] INFO  CashierLoginPage - waiting for password input field to be visible
2026-05-09 01:41:07 [main] INFO  CashierLoginPage - password input field is Visible
2026-05-09 01:41:07 [main] INFO  CashierLoginPage - waiting for employee id input field to be visible
2026-05-09 01:41:07 [main] INFO  CashierLoginPage - employee id input field is Visible
2026-05-09 01:41:07 [main] INFO  CashierLoginPage - waiting for password input field to be Clickable
2026-05-09 01:41:07 [main] INFO  CashierLoginPage - password input field is Clickable
2026-05-09 01:41:07 [main] INFO  CashierLoginPage - waiting for employee id input field to be Clickable
2026-05-09 01:41:07 [main] INFO  CashierLoginPage - employee id input field is Clickable
2026-05-09 01:41:07 [main] INFO  CashierForgotPasswordPageTest - Sucessfully Navigated to Cashier Login Page
2026-05-09 01:41:07 [main] INFO  CashierLoginPage - Entering Employee id
2026-05-09 01:41:08 [main] INFO  CashierForgotPasswordPageTest - Entered Employee ID
2026-05-09 01:41:08 [main] INFO  CashierLoginPage - Entering Password
2026-05-09 01:41:08 [main] INFO  CashierForgotPasswordPageTest - Entered Password
2026-05-09 01:41:08 [main] INFO  CashierLoginPage - Clicking on Loginbutton
2026-05-09 01:41:08 [main] INFO  CashierForgotPasswordPageTest - Clicked on Login Button
2026-05-09 01:41:08 [main] INFO  CashierForgotPasswordPageTest - Switching to Alert
2026-05-09 01:41:08 [main] INFO  CashierForgotPasswordPageTest - Browser Closed
2026-05-09 01:41:08 [main] INFO  CashierForgotPasswordPageTest - ========= ENDING TEST: TC362_verifyCashierisAbleToResetPasswordwithLeadingorTrailingSpacesinPasswordFieldTest =========
2026-05-09 01:41:09 [main] INFO  Utils - [TestNG] Time taken by org.testng.reporters.jq.Main@19ee1ae6: 277 ms
2026-05-09 01:41:09 [main] INFO  Utils - [TestNG] Time taken by org.testng.reporters.FailedReporter@5aaaa446: 18 ms
2026-05-09 01:41:09 [main] INFO  Utils - [TestNG] Time taken by org.testng.reporters.XMLReporter@14b7786: 37 ms
2026-05-09 01:41:09 [main] INFO  Utils - [TestNG] Time taken by org.testng.reporters.EmailableReporter2@50756c76: 7 ms
2026-05-09 01:41:09 [main] INFO  Utils - [TestNG] Time taken by org.testng.reporters.JUnitReportReporter@3eda0aeb: 13 ms
2026-05-09 01:41:09 [main] INFO  Utils - [TestNG] Time taken by org.testng.internal.ExitCodeListener@459b187a: 0 ms
2026-05-09 01:43:00 [main] INFO  Utils - [Utils] MethodGroupsHelper.collectMethodsByGroup() took 1 ms.
2026-05-09 01:43:00 [main] INFO  Utils - [Utils] MethodGroupsHelper.sortMethods() took 2 ms.
2026-05-09 01:43:00 [main] INFO  Utils - [Utils] MethodGroupsHelper.collectMethodsByGroup() took 0 ms.
2026-05-09 01:43:00 [main] INFO  Utils - [Utils] MethodGroupsHelper.sortMethods() took 0 ms.
2026-05-09 01:43:00 [main] INFO  Utils - [Utils] MethodGroupsHelper.collectMethodsByGroup() took 0 ms.
2026-05-09 01:43:00 [main] INFO  Utils - [Utils] MethodGroupsHelper.sortMethods() took 0 ms.
2026-05-09 01:43:00 [main] INFO  Utils - [Utils] MethodGroupsHelper.collectMethodsByGroup() took 0 ms.
2026-05-09 01:43:00 [main] INFO  Utils - [Utils] MethodGroupsHelper.sortMethods() took 0 ms.
2026-05-09 01:43:00 [main] INFO  Utils - [Utils] MethodGroupsHelper.collectMethodsByGroup() took 0 ms.
2026-05-09 01:43:00 [main] INFO  Utils - [Utils] MethodGroupsHelper.sortMethods() took 0 ms.
2026-05-09 01:43:00 [main] INFO  Utils - [Utils] MethodGroupsHelper.collectMethodsByGroup() took 0 ms.
2026-05-09 01:43:00 [main] INFO  Utils - [Utils] MethodGroupsHelper.sortMethods() took 0 ms.
2026-05-09 01:43:00 [main] INFO  Utils - [Utils] MethodGroupsHelper.collectMethodsByGroup() took 0 ms.
2026-05-09 01:43:00 [main] INFO  Utils - [Utils] MethodGroupsHelper.sortMethods() took 0 ms.
2026-05-09 01:43:00 [main] INFO  Utils - [Utils] MethodGroupsHelper.collectMethodsByGroup() took 0 ms.
2026-05-09 01:43:00 [main] INFO  Utils - [Utils] MethodGroupsHelper.sortMethods() took 0 ms.
2026-05-09 01:43:00 [main] INFO  Utils - [Utils] MethodGroupsHelper.collectMethodsByGroup() took 9 ms.
2026-05-09 01:43:00 [main] INFO  Utils - [Utils] MethodGroupsHelper.sortMethods() took 39 ms.
2026-05-09 01:43:00 [main] INFO  Utils - [Utils] MethodGroupsHelper.collectMethodsByGroup() took 0 ms.
2026-05-09 01:43:00 [main] INFO  Utils - [Utils] MethodGroupsHelper.sortMethods() took 1 ms.
2026-05-09 01:43:00 [main] INFO  Utils - [Utils] MethodGroupsHelper.collectMethodsByGroup() took 0 ms.
2026-05-09 01:43:00 [main] INFO  Utils - [Utils] MethodGroupsHelper.sortMethods() took 0 ms.
2026-05-09 01:43:00 [main] INFO  Utils - [Utils] MethodGroupsHelper.collectMethodsByGroup() took 0 ms.
2026-05-09 01:43:00 [main] INFO  Utils - [Utils] MethodGroupsHelper.sortMethods() took 0 ms.
2026-05-09 01:43:00 [main] INFO  Utils - [Utils] MethodGroupsHelper.collectMethodsByGroup() took 19 ms.
2026-05-09 01:43:00 [main] INFO  Utils - [Utils] MethodGroupsHelper.sortMethods() took 0 ms.
2026-05-09 01:43:00 [main] INFO  Utils - [Utils] MethodGroupsHelper.collectMethodsByGroup() took 0 ms.
2026-05-09 01:43:00 [main] INFO  Utils - [Utils] MethodGroupsHelper.sortMethods() took 0 ms.
2026-05-09 01:43:00 [main] INFO  Utils - [Utils] MethodGroupsHelper.collectMethodsByGroup() took 0 ms.
2026-05-09 01:43:00 [main] INFO  Utils - [Utils] MethodGroupsHelper.sortMethods() took 0 ms.
2026-05-09 01:43:00 [main] INFO  Utils - [TestNG] Running:
  C:\Users\Admin\AppData\Local\Temp\testng-eclipse--1891732072\testng-customsuite.xml

2026-05-09 01:43:00 [main] INFO  Utils - [Utils] DynamicGraphHelper.createDynamicGraph() took 13 ms.
2026-05-09 01:43:00 [main] INFO  CashierForgotPasswordPageTest - ========= STARTING TEST: resetToOriginalPasswordTest =========
2026-05-09 01:43:00 [main] INFO  TestBase - Launching Browser
2026-05-09 01:43:03 [main] INFO  TestBase - Maximizing window
2026-05-09 01:43:03 [main] INFO  TestBase - deleting all cookies
2026-05-09 01:43:04 [main] INFO  TestBase - launching URL
2026-05-09 01:43:06 [main] INFO  TestBase - Homepage Launched
2026-05-09 01:43:06 [main] INFO  CashierForgotPasswordPageTest - Initializing Wait Utils
2026-05-09 01:43:06 [main] INFO  CashierForgotPasswordPageTest - Initializing Soft Asssert
2026-05-09 01:43:06 [main] INFO  CashierForgotPasswordPageTest - Initializing Home Page
2026-05-09 01:43:06 [main] INFO  CashierForgotPasswordPageTest - Checking Cashier Login Link is Clickable
2026-05-09 01:43:06 [main] INFO  Homepage - Checking Cashier Link is Visible
2026-05-09 01:43:06 [main] INFO  Homepage - Cashier link is Visible
2026-05-09 01:43:06 [main] INFO  Homepage - Checking Cashier Link is Clickable
2026-05-09 01:43:07 [main] INFO  Homepage - Cashier Link is Clickable
2026-05-09 01:43:07 [main] INFO  CashierForgotPasswordPageTest - Clicking on Cashier Login Link
2026-05-09 01:43:41 [main] INFO  Utils - [TestNG] Time taken by org.testng.reporters.jq.Main@289778cd: 364 ms
2026-05-09 01:43:41 [main] INFO  Utils - [TestNG] Time taken by org.testng.reporters.FailedReporter@e3994ef: 25 ms
2026-05-09 01:43:41 [main] INFO  Utils - [TestNG] Time taken by org.testng.reporters.XMLReporter@5edf2821: 16 ms
2026-05-09 01:43:41 [main] INFO  Utils - [TestNG] Time taken by org.testng.reporters.EmailableReporter2@5445f5ba: 10 ms
2026-05-09 01:43:41 [main] INFO  Utils - [TestNG] Time taken by org.testng.reporters.JUnitReportReporter@20749d9: 10 ms
2026-05-09 01:43:41 [main] INFO  Utils - [TestNG] Time taken by org.testng.internal.ExitCodeListener@de77232: 0 ms
2026-05-09 01:43:47 [main] INFO  Utils - [Utils] MethodGroupsHelper.collectMethodsByGroup() took 1 ms.
2026-05-09 01:43:47 [main] INFO  Utils - [Utils] MethodGroupsHelper.sortMethods() took 5 ms.
2026-05-09 01:43:47 [main] INFO  Utils - [Utils] MethodGroupsHelper.collectMethodsByGroup() took 0 ms.
2026-05-09 01:43:47 [main] INFO  Utils - [Utils] MethodGroupsHelper.sortMethods() took 0 ms.
2026-05-09 01:43:47 [main] INFO  Utils - [Utils] MethodGroupsHelper.collectMethodsByGroup() took 0 ms.
2026-05-09 01:43:47 [main] INFO  Utils - [Utils] MethodGroupsHelper.sortMethods() took 0 ms.
2026-05-09 01:43:47 [main] INFO  Utils - [Utils] MethodGroupsHelper.collectMethodsByGroup() took 0 ms.
2026-05-09 01:43:47 [main] INFO  Utils - [Utils] MethodGroupsHelper.sortMethods() took 0 ms.
2026-05-09 01:43:47 [main] INFO  Utils - [Utils] MethodGroupsHelper.collectMethodsByGroup() took 0 ms.
2026-05-09 01:43:47 [main] INFO  Utils - [Utils] MethodGroupsHelper.sortMethods() took 0 ms.
2026-05-09 01:43:47 [main] INFO  Utils - [Utils] MethodGroupsHelper.collectMethodsByGroup() took 0 ms.
2026-05-09 01:43:47 [main] INFO  Utils - [Utils] MethodGroupsHelper.sortMethods() took 0 ms.
2026-05-09 01:43:47 [main] INFO  Utils - [Utils] MethodGroupsHelper.collectMethodsByGroup() took 0 ms.
2026-05-09 01:43:47 [main] INFO  Utils - [Utils] MethodGroupsHelper.sortMethods() took 0 ms.
2026-05-09 01:43:47 [main] INFO  Utils - [Utils] MethodGroupsHelper.collectMethodsByGroup() took 0 ms.
2026-05-09 01:43:47 [main] INFO  Utils - [Utils] MethodGroupsHelper.sortMethods() took 0 ms.
2026-05-09 01:43:47 [main] INFO  Utils - [Utils] MethodGroupsHelper.collectMethodsByGroup() took 9 ms.
2026-05-09 01:43:47 [main] INFO  Utils - [Utils] MethodGroupsHelper.sortMethods() took 32 ms.
2026-05-09 01:43:47 [main] INFO  Utils - [Utils] MethodGroupsHelper.collectMethodsByGroup() took 0 ms.
2026-05-09 01:43:47 [main] INFO  Utils - [Utils] MethodGroupsHelper.sortMethods() took 0 ms.
2026-05-09 01:43:47 [main] INFO  Utils - [Utils] MethodGroupsHelper.collectMethodsByGroup() took 0 ms.
2026-05-09 01:43:47 [main] INFO  Utils - [Utils] MethodGroupsHelper.sortMethods() took 0 ms.
2026-05-09 01:43:47 [main] INFO  Utils - [Utils] MethodGroupsHelper.collectMethodsByGroup() took 0 ms.
2026-05-09 01:43:47 [main] INFO  Utils - [Utils] MethodGroupsHelper.sortMethods() took 0 ms.
2026-05-09 01:43:47 [main] INFO  Utils - [Utils] MethodGroupsHelper.collectMethodsByGroup() took 22 ms.
2026-05-09 01:43:47 [main] INFO  Utils - [Utils] MethodGroupsHelper.sortMethods() took 0 ms.
2026-05-09 01:43:47 [main] INFO  Utils - [Utils] MethodGroupsHelper.collectMethodsByGroup() took 0 ms.
2026-05-09 01:43:47 [main] INFO  Utils - [Utils] MethodGroupsHelper.sortMethods() took 0 ms.
2026-05-09 01:43:47 [main] INFO  Utils - [Utils] MethodGroupsHelper.collectMethodsByGroup() took 0 ms.
2026-05-09 01:43:47 [main] INFO  Utils - [Utils] MethodGroupsHelper.sortMethods() took 0 ms.
2026-05-09 01:43:47 [main] INFO  Utils - [TestNG] Running:
  C:\Users\Admin\AppData\Local\Temp\testng-eclipse--1290092062\testng-customsuite.xml

2026-05-09 01:43:47 [main] INFO  Utils - [Utils] DynamicGraphHelper.createDynamicGraph() took 8 ms.
2026-05-09 01:43:47 [main] INFO  CashierForgotPasswordPageTest - ========= STARTING TEST: resetToOriginalPasswordTest =========
2026-05-09 01:43:47 [main] INFO  TestBase - Launching Browser
2026-05-09 01:43:50 [main] INFO  TestBase - Maximizing window
2026-05-09 01:43:50 [main] INFO  TestBase - deleting all cookies
2026-05-09 01:43:50 [main] INFO  TestBase - launching URL
2026-05-09 01:43:54 [main] INFO  TestBase - Homepage Launched
2026-05-09 01:43:54 [main] INFO  CashierForgotPasswordPageTest - Initializing Wait Utils
2026-05-09 01:43:54 [main] INFO  CashierForgotPasswordPageTest - Initializing Soft Asssert
2026-05-09 01:43:54 [main] INFO  CashierForgotPasswordPageTest - Initializing Home Page
2026-05-09 01:43:54 [main] INFO  CashierForgotPasswordPageTest - Checking Cashier Login Link is Clickable
2026-05-09 01:43:54 [main] INFO  Homepage - Checking Cashier Link is Visible
2026-05-09 01:43:54 [main] INFO  Homepage - Cashier link is Visible
2026-05-09 01:43:54 [main] INFO  Homepage - Checking Cashier Link is Clickable
2026-05-09 01:43:54 [main] INFO  Homepage - Cashier Link is Clickable
2026-05-09 01:43:54 [main] INFO  CashierForgotPasswordPageTest - Clicking on Cashier Login Link
2026-05-09 01:43:54 [main] INFO  CashierForgotPasswordPageTest - Navigating to Cashier Login Page
2026-05-09 01:43:54 [main] INFO  CashierForgotPasswordPageTest - Waiting for Visibility of Elements on Cashier Login Page
2026-05-09 01:43:54 [main] INFO  CashierLoginPage - waiting for cashier login page title to be present
2026-05-09 01:43:54 [main] INFO  CashierLoginPage - cashier login page title is present
2026-05-09 01:43:54 [main] INFO  CashierLoginPage - waiting for login button to be clickable
2026-05-09 01:43:54 [main] INFO  CashierLoginPage - log in button is clickable
2026-05-09 01:43:54 [main] INFO  CashierLoginPage - waiting for password input field to be visible
2026-05-09 01:43:55 [main] INFO  CashierLoginPage - password input field is Visible
2026-05-09 01:43:55 [main] INFO  CashierLoginPage - waiting for employee id input field to be visible
2026-05-09 01:43:55 [main] INFO  CashierLoginPage - employee id input field is Visible
2026-05-09 01:43:55 [main] INFO  CashierLoginPage - waiting for password input field to be Clickable
2026-05-09 01:43:55 [main] INFO  CashierLoginPage - password input field is Clickable
2026-05-09 01:43:55 [main] INFO  CashierLoginPage - waiting for employee id input field to be Clickable
2026-05-09 01:43:55 [main] INFO  CashierLoginPage - employee id input field is Clickable
2026-05-09 01:43:55 [main] INFO  CashierForgotPasswordPageTest - Sucessfully Navigated to Cashier Login Page
2026-05-09 01:43:55 [main] INFO  CashierForgotPasswordPageTest - Clicking on Forgot Password Link
2026-05-09 01:43:55 [main] INFO  CashierLoginPage - Clicking on Forgot password link
2026-05-09 01:43:55 [main] INFO  CashierForgotPasswordPageTest - Navigating to Forgot Password Page
2026-05-09 01:43:55 [main] INFO  CashierForgotPasswordPage - Checking Forgot Password Page Title is present
2026-05-09 01:43:55 [main] INFO  CashierForgotPasswordPage - Extracting title of Forgot Password Page
2026-05-09 01:43:55 [main] INFO  CashierForgotPasswordPageTest - Checking Input Fields are Enabled
2026-05-09 01:43:55 [main] INFO  CashierForgotPasswordPage - Checking Email address Field is Enabled
2026-05-09 01:43:55 [main] INFO  CashierForgotPasswordPage - Checking Mobile Number Field is Enabled
2026-05-09 01:43:55 [main] INFO  CashierForgotPasswordPage - Checking New Password Field is Enabled
2026-05-09 01:43:55 [main] INFO  CashierForgotPasswordPage - Checking Confirm Password Field is Enabled
2026-05-09 01:43:55 [main] INFO  CashierForgotPasswordPageTest - Forgot Password Page is Successfully Loaded
2026-05-09 01:43:55 [main] INFO  CashierForgotPasswordPage - Entering Email Address  vikram.joshi209@gmail.com
2026-05-09 01:43:55 [main] INFO  CashierForgotPasswordPageTest - Email Address Entered
2026-05-09 01:43:55 [main] INFO  CashierForgotPasswordPage - Entering Mobile Number  123
2026-05-09 01:43:55 [main] INFO  CashierForgotPasswordPageTest - Mobile Number Entered
2026-05-09 01:43:55 [main] INFO  CashierForgotPasswordPage - Entering New Password Vikram@852
2026-05-09 01:43:56 [main] INFO  CashierForgotPasswordPageTest - New Password Entered
2026-05-09 01:43:56 [main] INFO  CashierForgotPasswordPage - Entering Confirm Password Vikram@852
2026-05-09 01:43:56 [main] INFO  CashierForgotPasswordPageTest - Confirm Password Entered
2026-05-09 01:43:56 [main] INFO  CashierForgotPasswordPage - Clicking on Reset Button
2026-05-09 01:43:56 [main] INFO  CashierForgotPasswordPageTest - Clicked on Reset Button
2026-05-09 01:43:56 [main] INFO  CashierForgotPasswordPageTest - Waiting For Presence of Alert
2026-05-09 01:43:56 [main] INFO  CashierForgotPasswordPageTest - Switching to Alert
2026-05-09 01:43:56 [main] INFO  CashierForgotPasswordPageTest - Browser Closed
2026-05-09 01:43:56 [main] INFO  CashierForgotPasswordPageTest - ========= ENDING TEST: resetToOriginalPasswordTest =========
2026-05-09 01:43:57 [main] INFO  Utils - [TestNG] Time taken by org.testng.reporters.jq.Main@61e7bf2f: 273 ms
2026-05-09 01:43:57 [main] INFO  Utils - [TestNG] Time taken by org.testng.reporters.FailedReporter@7f7af971: 1 ms
2026-05-09 01:43:57 [main] INFO  Utils - [TestNG] Time taken by org.testng.reporters.XMLReporter@3d7b1f1c: 15 ms
2026-05-09 01:43:57 [main] INFO  Utils - [TestNG] Time taken by org.testng.reporters.EmailableReporter2@719d35e8: 7 ms
2026-05-09 01:43:57 [main] INFO  Utils - [TestNG] Time taken by org.testng.reporters.JUnitReportReporter@4a34e9f: 12 ms
2026-05-09 01:43:57 [main] INFO  Utils - [TestNG] Time taken by org.testng.internal.ExitCodeListener@6f6621e3: 0 ms
2026-05-09 01:44:08 [main] INFO  Utils - [Utils] MethodGroupsHelper.collectMethodsByGroup() took 1 ms.
2026-05-09 01:44:08 [main] INFO  Utils - [Utils] MethodGroupsHelper.sortMethods() took 1 ms.
2026-05-09 01:44:08 [main] INFO  Utils - [Utils] MethodGroupsHelper.collectMethodsByGroup() took 0 ms.
2026-05-09 01:44:08 [main] INFO  Utils - [Utils] MethodGroupsHelper.sortMethods() took 0 ms.
2026-05-09 01:44:08 [main] INFO  Utils - [Utils] MethodGroupsHelper.collectMethodsByGroup() took 0 ms.
2026-05-09 01:44:08 [main] INFO  Utils - [Utils] MethodGroupsHelper.sortMethods() took 0 ms.
2026-05-09 01:44:08 [main] INFO  Utils - [Utils] MethodGroupsHelper.collectMethodsByGroup() took 0 ms.
2026-05-09 01:44:08 [main] INFO  Utils - [Utils] MethodGroupsHelper.sortMethods() took 0 ms.
2026-05-09 01:44:08 [main] INFO  Utils - [Utils] MethodGroupsHelper.collectMethodsByGroup() took 0 ms.
2026-05-09 01:44:08 [main] INFO  Utils - [Utils] MethodGroupsHelper.sortMethods() took 0 ms.
2026-05-09 01:44:08 [main] INFO  Utils - [Utils] MethodGroupsHelper.collectMethodsByGroup() took 0 ms.
2026-05-09 01:44:08 [main] INFO  Utils - [Utils] MethodGroupsHelper.sortMethods() took 0 ms.
2026-05-09 01:44:08 [main] INFO  Utils - [Utils] MethodGroupsHelper.collectMethodsByGroup() took 0 ms.
2026-05-09 01:44:08 [main] INFO  Utils - [Utils] MethodGroupsHelper.sortMethods() took 0 ms.
2026-05-09 01:44:08 [main] INFO  Utils - [Utils] MethodGroupsHelper.collectMethodsByGroup() took 0 ms.
2026-05-09 01:44:08 [main] INFO  Utils - [Utils] MethodGroupsHelper.sortMethods() took 0 ms.
2026-05-09 01:44:08 [main] INFO  Utils - [Utils] MethodGroupsHelper.collectMethodsByGroup() took 7 ms.
2026-05-09 01:44:08 [main] INFO  Utils - [Utils] MethodGroupsHelper.sortMethods() took 33 ms.
2026-05-09 01:44:08 [main] INFO  Utils - [Utils] MethodGroupsHelper.collectMethodsByGroup() took 0 ms.
2026-05-09 01:44:08 [main] INFO  Utils - [Utils] MethodGroupsHelper.sortMethods() took 1 ms.
2026-05-09 01:44:08 [main] INFO  Utils - [Utils] MethodGroupsHelper.collectMethodsByGroup() took 0 ms.
2026-05-09 01:44:08 [main] INFO  Utils - [Utils] MethodGroupsHelper.sortMethods() took 0 ms.
2026-05-09 01:44:08 [main] INFO  Utils - [Utils] MethodGroupsHelper.collectMethodsByGroup() took 0 ms.
2026-05-09 01:44:08 [main] INFO  Utils - [Utils] MethodGroupsHelper.sortMethods() took 0 ms.
2026-05-09 01:44:08 [main] INFO  Utils - [Utils] MethodGroupsHelper.collectMethodsByGroup() took 22 ms.
2026-05-09 01:44:08 [main] INFO  Utils - [Utils] MethodGroupsHelper.sortMethods() took 1 ms.
2026-05-09 01:44:08 [main] INFO  Utils - [Utils] MethodGroupsHelper.collectMethodsByGroup() took 0 ms.
2026-05-09 01:44:08 [main] INFO  Utils - [Utils] MethodGroupsHelper.sortMethods() took 0 ms.
2026-05-09 01:44:08 [main] INFO  Utils - [Utils] MethodGroupsHelper.collectMethodsByGroup() took 0 ms.
2026-05-09 01:44:08 [main] INFO  Utils - [Utils] MethodGroupsHelper.sortMethods() took 0 ms.
2026-05-09 01:44:08 [main] INFO  Utils - [TestNG] Running:
  C:\Users\Admin\AppData\Local\Temp\testng-eclipse--1714839523\testng-customsuite.xml

2026-05-09 01:44:08 [main] INFO  Utils - [Utils] DynamicGraphHelper.createDynamicGraph() took 4 ms.
2026-05-09 01:44:08 [main] INFO  CashierForgotPasswordPageTest - ========= STARTING TEST: TC362_verifyCashierisAbleToResetPasswordwithLeadingorTrailingSpacesinPasswordFieldTest =========
2026-05-09 01:44:08 [main] INFO  TestBase - Launching Browser
2026-05-09 01:44:11 [main] INFO  TestBase - Maximizing window
2026-05-09 01:44:11 [main] INFO  TestBase - deleting all cookies
2026-05-09 01:44:11 [main] INFO  TestBase - launching URL
2026-05-09 01:44:13 [main] INFO  TestBase - Homepage Launched
2026-05-09 01:44:13 [main] INFO  CashierForgotPasswordPageTest - Initializing Wait Utils
2026-05-09 01:44:13 [main] INFO  CashierForgotPasswordPageTest - Initializing Soft Asssert
2026-05-09 01:44:13 [main] INFO  CashierForgotPasswordPageTest - Initializing Home Page
2026-05-09 01:44:13 [main] INFO  CashierForgotPasswordPageTest - Checking Cashier Login Link is Clickable
2026-05-09 01:44:13 [main] INFO  Homepage - Checking Cashier Link is Visible
2026-05-09 01:44:13 [main] INFO  Homepage - Cashier link is Visible
2026-05-09 01:44:13 [main] INFO  Homepage - Checking Cashier Link is Clickable
2026-05-09 01:44:13 [main] INFO  Homepage - Cashier Link is Clickable
2026-05-09 01:44:13 [main] INFO  CashierForgotPasswordPageTest - Clicking on Cashier Login Link
2026-05-09 01:44:14 [main] INFO  CashierForgotPasswordPageTest - Navigating to Cashier Login Page
2026-05-09 01:44:14 [main] INFO  CashierForgotPasswordPageTest - Waiting for Visibility of Elements on Cashier Login Page
2026-05-09 01:44:14 [main] INFO  CashierLoginPage - waiting for cashier login page title to be present
2026-05-09 01:44:14 [main] INFO  CashierLoginPage - cashier login page title is present
2026-05-09 01:44:14 [main] INFO  CashierLoginPage - waiting for login button to be clickable
2026-05-09 01:44:14 [main] INFO  CashierLoginPage - log in button is clickable
2026-05-09 01:44:14 [main] INFO  CashierLoginPage - waiting for password input field to be visible
2026-05-09 01:44:14 [main] INFO  CashierLoginPage - password input field is Visible
2026-05-09 01:44:14 [main] INFO  CashierLoginPage - waiting for employee id input field to be visible
2026-05-09 01:44:14 [main] INFO  CashierLoginPage - employee id input field is Visible
2026-05-09 01:44:14 [main] INFO  CashierLoginPage - waiting for password input field to be Clickable
2026-05-09 01:44:14 [main] INFO  CashierLoginPage - password input field is Clickable
2026-05-09 01:44:14 [main] INFO  CashierLoginPage - waiting for employee id input field to be Clickable
2026-05-09 01:44:14 [main] INFO  CashierLoginPage - employee id input field is Clickable
2026-05-09 01:44:14 [main] INFO  CashierForgotPasswordPageTest - Sucessfully Navigated to Cashier Login Page
2026-05-09 01:44:14 [main] INFO  CashierForgotPasswordPageTest - Clicking on Forgot Password Link
2026-05-09 01:44:14 [main] INFO  CashierLoginPage - Clicking on Forgot password link
2026-05-09 01:44:14 [main] INFO  CashierForgotPasswordPageTest - Navigating to Forgot Password Page
2026-05-09 01:44:14 [main] INFO  CashierForgotPasswordPage - Checking Forgot Password Page Title is present
2026-05-09 01:44:14 [main] INFO  CashierForgotPasswordPage - Extracting title of Forgot Password Page
2026-05-09 01:44:15 [main] INFO  CashierForgotPasswordPageTest - Checking Input Fields are Enabled
2026-05-09 01:44:15 [main] INFO  CashierForgotPasswordPage - Checking Email address Field is Enabled
2026-05-09 01:44:15 [main] INFO  CashierForgotPasswordPage - Checking Mobile Number Field is Enabled
2026-05-09 01:44:15 [main] INFO  CashierForgotPasswordPage - Checking New Password Field is Enabled
2026-05-09 01:44:15 [main] INFO  CashierForgotPasswordPage - Checking Confirm Password Field is Enabled
2026-05-09 01:44:15 [main] INFO  CashierForgotPasswordPageTest - Forgot Password Page is Successfully Loaded
2026-05-09 01:44:15 [main] INFO  CashierForgotPasswordPage - Entering Email Address  vikram.joshi209@gmail.com
2026-05-09 01:44:15 [main] INFO  CashierForgotPasswordPageTest - Email Address Entered
2026-05-09 01:44:15 [main] INFO  CashierForgotPasswordPage - Entering Mobile Number  123
2026-05-09 01:44:15 [main] INFO  CashierForgotPasswordPageTest - Mobile Number Entered
2026-05-09 01:44:15 [main] INFO  CashierForgotPasswordPage - Entering New Password   Sagar@19  
2026-05-09 01:44:15 [main] INFO  CashierForgotPasswordPageTest - New Password Entered
2026-05-09 01:44:15 [main] INFO  CashierForgotPasswordPage - Entering Confirm Password   Sagar@19  
2026-05-09 01:44:15 [main] INFO  CashierForgotPasswordPageTest - Confirm Password Entered
2026-05-09 01:44:15 [main] INFO  CashierForgotPasswordPage - Clicking on Reset Button
2026-05-09 01:44:16 [main] INFO  CashierForgotPasswordPageTest - Clicked on Reset Button
2026-05-09 01:44:16 [main] INFO  CashierForgotPasswordPageTest - Waiting For Presence of Alert
2026-05-09 01:44:16 [main] INFO  CashierForgotPasswordPageTest - Switching to Alert
2026-05-09 01:44:16 [main] INFO  CashierForgotPasswordPage - Waiting for visibility of all fields on Forgot Password Page
2026-05-09 01:44:16 [main] INFO  CashierForgotPasswordPage - Waiting for Forgot Password Page title to be present
2026-05-09 01:44:16 [main] INFO  CashierForgotPasswordPage - Clicking on Back to Homepage Link
2026-05-09 01:44:16 [main] INFO  CashierForgotPasswordPageTest - Clicked on Back to HomePage Link
2026-05-09 01:44:18 [main] INFO  CashierForgotPasswordPageTest - Checking Cashier Login Link is Clickable
2026-05-09 01:44:18 [main] INFO  Homepage - Checking Cashier Link is Visible
2026-05-09 01:44:18 [main] INFO  Homepage - Cashier link is Visible
2026-05-09 01:44:18 [main] INFO  Homepage - Checking Cashier Link is Clickable
2026-05-09 01:44:18 [main] INFO  Homepage - Cashier Link is Clickable
2026-05-09 01:44:18 [main] INFO  CashierForgotPasswordPageTest - Clicking on Cashier Login Link
2026-05-09 01:44:18 [main] INFO  CashierForgotPasswordPageTest - Navigating to Cashier Login Page
2026-05-09 01:44:18 [main] INFO  CashierForgotPasswordPageTest - Waiting for Visibility of Elements on Cashier Login Page
2026-05-09 01:44:18 [main] INFO  CashierLoginPage - waiting for cashier login page title to be present
2026-05-09 01:44:18 [main] INFO  CashierLoginPage - cashier login page title is present
2026-05-09 01:44:18 [main] INFO  CashierLoginPage - waiting for login button to be clickable
2026-05-09 01:44:18 [main] INFO  CashierLoginPage - log in button is clickable
2026-05-09 01:44:18 [main] INFO  CashierLoginPage - waiting for password input field to be visible
2026-05-09 01:44:18 [main] INFO  CashierLoginPage - password input field is Visible
2026-05-09 01:44:18 [main] INFO  CashierLoginPage - waiting for employee id input field to be visible
2026-05-09 01:44:18 [main] INFO  CashierLoginPage - employee id input field is Visible
2026-05-09 01:44:18 [main] INFO  CashierLoginPage - waiting for password input field to be Clickable
2026-05-09 01:44:19 [main] INFO  CashierLoginPage - password input field is Clickable
2026-05-09 01:44:19 [main] INFO  CashierLoginPage - waiting for employee id input field to be Clickable
2026-05-09 01:44:19 [main] INFO  CashierLoginPage - employee id input field is Clickable
2026-05-09 01:44:19 [main] INFO  CashierForgotPasswordPageTest - Sucessfully Navigated to Cashier Login Page
2026-05-09 01:44:19 [main] INFO  CashierLoginPage - Entering Employee id
2026-05-09 01:44:19 [main] INFO  CashierForgotPasswordPageTest - Entered Employee ID
2026-05-09 01:44:19 [main] INFO  CashierLoginPage - Entering Password
2026-05-09 01:44:19 [main] INFO  CashierForgotPasswordPageTest - Entered Password
2026-05-09 01:44:19 [main] INFO  CashierLoginPage - Clicking on Loginbutton
2026-05-09 01:44:19 [main] INFO  CashierForgotPasswordPageTest - Clicked on Login Button
2026-05-09 01:44:19 [main] INFO  CashierForgotPasswordPageTest - Switching to Alert
2026-05-09 01:44:19 [main] INFO  CashierForgotPasswordPageTest - Browser Closed
2026-05-09 01:44:19 [main] INFO  CashierForgotPasswordPageTest - ========= ENDING TEST: TC362_verifyCashierisAbleToResetPasswordwithLeadingorTrailingSpacesinPasswordFieldTest =========
2026-05-09 01:44:20 [main] INFO  Utils - [TestNG] Time taken by org.testng.reporters.jq.Main@3d37203b: 382 ms
2026-05-09 01:44:20 [main] INFO  Utils - [TestNG] Time taken by org.testng.reporters.FailedReporter@5f172d4a: 17 ms
2026-05-09 01:44:20 [main] INFO  Utils - [TestNG] Time taken by org.testng.reporters.XMLReporter@7d2998d8: 23 ms
2026-05-09 01:44:20 [main] INFO  Utils - [TestNG] Time taken by org.testng.reporters.EmailableReporter2@6ecdbab8: 9 ms
2026-05-09 01:44:20 [main] INFO  Utils - [TestNG] Time taken by org.testng.reporters.JUnitReportReporter@5cbe2654: 12 ms
2026-05-09 01:44:20 [main] INFO  Utils - [TestNG] Time taken by org.testng.internal.ExitCodeListener@6dbcf214: 0 ms
2026-05-09 01:45:02 [main] INFO  Utils - [Utils] MethodGroupsHelper.collectMethodsByGroup() took 0 ms.
2026-05-09 01:45:02 [main] INFO  Utils - [Utils] MethodGroupsHelper.sortMethods() took 1 ms.
2026-05-09 01:45:02 [main] INFO  Utils - [Utils] MethodGroupsHelper.collectMethodsByGroup() took 0 ms.
2026-05-09 01:45:02 [main] INFO  Utils - [Utils] MethodGroupsHelper.sortMethods() took 0 ms.
2026-05-09 01:45:02 [main] INFO  Utils - [Utils] MethodGroupsHelper.collectMethodsByGroup() took 0 ms.
2026-05-09 01:45:02 [main] INFO  Utils - [Utils] MethodGroupsHelper.sortMethods() took 0 ms.
2026-05-09 01:45:02 [main] INFO  Utils - [Utils] MethodGroupsHelper.collectMethodsByGroup() took 0 ms.
2026-05-09 01:45:02 [main] INFO  Utils - [Utils] MethodGroupsHelper.sortMethods() took 0 ms.
2026-05-09 01:45:02 [main] INFO  Utils - [Utils] MethodGroupsHelper.collectMethodsByGroup() took 0 ms.
2026-05-09 01:45:02 [main] INFO  Utils - [Utils] MethodGroupsHelper.sortMethods() took 0 ms.
2026-05-09 01:45:02 [main] INFO  Utils - [Utils] MethodGroupsHelper.collectMethodsByGroup() took 0 ms.
2026-05-09 01:45:02 [main] INFO  Utils - [Utils] MethodGroupsHelper.sortMethods() took 0 ms.
2026-05-09 01:45:02 [main] INFO  Utils - [Utils] MethodGroupsHelper.collectMethodsByGroup() took 0 ms.
2026-05-09 01:45:02 [main] INFO  Utils - [Utils] MethodGroupsHelper.sortMethods() took 0 ms.
2026-05-09 01:45:02 [main] INFO  Utils - [Utils] MethodGroupsHelper.collectMethodsByGroup() took 0 ms.
2026-05-09 01:45:02 [main] INFO  Utils - [Utils] MethodGroupsHelper.sortMethods() took 0 ms.
2026-05-09 01:45:02 [main] INFO  Utils - [Utils] MethodGroupsHelper.collectMethodsByGroup() took 11 ms.
2026-05-09 01:45:02 [main] INFO  Utils - [Utils] MethodGroupsHelper.sortMethods() took 44 ms.
2026-05-09 01:45:02 [main] INFO  Utils - [Utils] MethodGroupsHelper.collectMethodsByGroup() took 0 ms.
2026-05-09 01:45:02 [main] INFO  Utils - [Utils] MethodGroupsHelper.sortMethods() took 0 ms.
2026-05-09 01:45:02 [main] INFO  Utils - [Utils] MethodGroupsHelper.collectMethodsByGroup() took 0 ms.
2026-05-09 01:45:02 [main] INFO  Utils - [Utils] MethodGroupsHelper.sortMethods() took 0 ms.
2026-05-09 01:45:02 [main] INFO  Utils - [Utils] MethodGroupsHelper.collectMethodsByGroup() took 0 ms.
2026-05-09 01:45:02 [main] INFO  Utils - [Utils] MethodGroupsHelper.sortMethods() took 0 ms.
2026-05-09 01:45:02 [main] INFO  Utils - [Utils] MethodGroupsHelper.collectMethodsByGroup() took 32 ms.
2026-05-09 01:45:02 [main] INFO  Utils - [Utils] MethodGroupsHelper.sortMethods() took 0 ms.
2026-05-09 01:45:02 [main] INFO  Utils - [Utils] MethodGroupsHelper.collectMethodsByGroup() took 0 ms.
2026-05-09 01:45:02 [main] INFO  Utils - [Utils] MethodGroupsHelper.sortMethods() took 0 ms.
2026-05-09 01:45:02 [main] INFO  Utils - [Utils] MethodGroupsHelper.collectMethodsByGroup() took 0 ms.
2026-05-09 01:45:02 [main] INFO  Utils - [Utils] MethodGroupsHelper.sortMethods() took 0 ms.
2026-05-09 01:45:02 [main] INFO  Utils - [TestNG] Running:
  C:\Users\Admin\AppData\Local\Temp\testng-eclipse-189190838\testng-customsuite.xml

2026-05-09 01:45:02 [main] INFO  Utils - [Utils] DynamicGraphHelper.createDynamicGraph() took 7 ms.
2026-05-09 01:45:03 [main] INFO  CashierForgotPasswordPageTest - ========= STARTING TEST: resetToOriginalPasswordTest =========
2026-05-09 01:45:03 [main] INFO  TestBase - Launching Browser
2026-05-09 01:45:06 [main] INFO  TestBase - Maximizing window
2026-05-09 01:45:06 [main] INFO  TestBase - deleting all cookies
2026-05-09 01:45:06 [main] INFO  TestBase - launching URL
2026-05-09 01:45:09 [main] INFO  TestBase - Homepage Launched
2026-05-09 01:45:09 [main] INFO  CashierForgotPasswordPageTest - Initializing Wait Utils
2026-05-09 01:45:09 [main] INFO  CashierForgotPasswordPageTest - Initializing Soft Asssert
2026-05-09 01:45:09 [main] INFO  CashierForgotPasswordPageTest - Initializing Home Page
2026-05-09 01:45:09 [main] INFO  CashierForgotPasswordPageTest - Checking Cashier Login Link is Clickable
2026-05-09 01:45:09 [main] INFO  Homepage - Checking Cashier Link is Visible
2026-05-09 01:45:09 [main] INFO  Homepage - Cashier link is Visible
2026-05-09 01:45:09 [main] INFO  Homepage - Checking Cashier Link is Clickable
2026-05-09 01:45:09 [main] INFO  Homepage - Cashier Link is Clickable
2026-05-09 01:45:09 [main] INFO  CashierForgotPasswordPageTest - Clicking on Cashier Login Link
2026-05-09 01:45:09 [main] INFO  CashierForgotPasswordPageTest - Navigating to Cashier Login Page
2026-05-09 01:45:09 [main] INFO  CashierForgotPasswordPageTest - Waiting for Visibility of Elements on Cashier Login Page
2026-05-09 01:45:09 [main] INFO  CashierLoginPage - waiting for cashier login page title to be present
2026-05-09 01:45:09 [main] INFO  CashierLoginPage - cashier login page title is present
2026-05-09 01:45:09 [main] INFO  CashierLoginPage - waiting for login button to be clickable
2026-05-09 01:45:09 [main] INFO  CashierLoginPage - log in button is clickable
2026-05-09 01:45:09 [main] INFO  CashierLoginPage - waiting for password input field to be visible
2026-05-09 01:45:10 [main] INFO  CashierLoginPage - password input field is Visible
2026-05-09 01:45:10 [main] INFO  CashierLoginPage - waiting for employee id input field to be visible
2026-05-09 01:45:10 [main] INFO  CashierLoginPage - employee id input field is Visible
2026-05-09 01:45:10 [main] INFO  CashierLoginPage - waiting for password input field to be Clickable
2026-05-09 01:45:10 [main] INFO  CashierLoginPage - password input field is Clickable
2026-05-09 01:45:10 [main] INFO  CashierLoginPage - waiting for employee id input field to be Clickable
2026-05-09 01:45:10 [main] INFO  CashierLoginPage - employee id input field is Clickable
2026-05-09 01:45:10 [main] INFO  CashierForgotPasswordPageTest - Sucessfully Navigated to Cashier Login Page
2026-05-09 01:45:10 [main] INFO  CashierForgotPasswordPageTest - Clicking on Forgot Password Link
2026-05-09 01:45:10 [main] INFO  CashierLoginPage - Clicking on Forgot password link
2026-05-09 01:45:10 [main] INFO  CashierForgotPasswordPageTest - Navigating to Forgot Password Page
2026-05-09 01:45:10 [main] INFO  CashierForgotPasswordPage - Checking Forgot Password Page Title is present
2026-05-09 01:45:10 [main] INFO  CashierForgotPasswordPage - Extracting title of Forgot Password Page
2026-05-09 01:45:10 [main] INFO  CashierForgotPasswordPageTest - Checking Input Fields are Enabled
2026-05-09 01:45:10 [main] INFO  CashierForgotPasswordPage - Checking Email address Field is Enabled
2026-05-09 01:45:10 [main] INFO  CashierForgotPasswordPage - Checking Mobile Number Field is Enabled
2026-05-09 01:45:10 [main] INFO  CashierForgotPasswordPage - Checking New Password Field is Enabled
2026-05-09 01:45:10 [main] INFO  CashierForgotPasswordPage - Checking Confirm Password Field is Enabled
2026-05-09 01:45:10 [main] INFO  CashierForgotPasswordPageTest - Forgot Password Page is Successfully Loaded
2026-05-09 01:45:10 [main] INFO  CashierForgotPasswordPage - Entering Email Address  vikram.joshi209@gmail.com
2026-05-09 01:45:10 [main] INFO  CashierForgotPasswordPageTest - Email Address Entered
2026-05-09 01:45:10 [main] INFO  CashierForgotPasswordPage - Entering Mobile Number  123
2026-05-09 01:45:10 [main] INFO  CashierForgotPasswordPageTest - Mobile Number Entered
2026-05-09 01:45:10 [main] INFO  CashierForgotPasswordPage - Entering New Password Vikram@852
2026-05-09 01:45:11 [main] INFO  CashierForgotPasswordPageTest - New Password Entered
2026-05-09 01:45:11 [main] INFO  CashierForgotPasswordPage - Entering Confirm Password Vikram@852
2026-05-09 01:45:11 [main] INFO  CashierForgotPasswordPageTest - Confirm Password Entered
2026-05-09 01:45:11 [main] INFO  CashierForgotPasswordPage - Clicking on Reset Button
2026-05-09 01:45:11 [main] INFO  CashierForgotPasswordPageTest - Clicked on Reset Button
2026-05-09 01:45:11 [main] INFO  CashierForgotPasswordPageTest - Waiting For Presence of Alert
2026-05-09 01:45:11 [main] INFO  CashierForgotPasswordPageTest - Switching to Alert
2026-05-09 01:45:11 [main] INFO  CashierForgotPasswordPageTest - Browser Closed
2026-05-09 01:45:11 [main] INFO  CashierForgotPasswordPageTest - ========= ENDING TEST: resetToOriginalPasswordTest =========
2026-05-09 01:45:12 [main] INFO  Utils - [TestNG] Time taken by org.testng.reporters.jq.Main@61e7bf2f: 237 ms
2026-05-09 01:45:12 [main] INFO  Utils - [TestNG] Time taken by org.testng.reporters.FailedReporter@7f7af971: 11 ms
2026-05-09 01:45:12 [main] INFO  Utils - [TestNG] Time taken by org.testng.reporters.XMLReporter@3d7b1f1c: 14 ms
2026-05-09 01:45:12 [main] INFO  Utils - [TestNG] Time taken by org.testng.reporters.EmailableReporter2@719d35e8: 7 ms
2026-05-09 01:45:12 [main] INFO  Utils - [TestNG] Time taken by org.testng.reporters.JUnitReportReporter@4a34e9f: 11 ms
2026-05-09 01:45:12 [main] INFO  Utils - [TestNG] Time taken by org.testng.internal.ExitCodeListener@6f6621e3: 0 ms
2026-05-09 01:51:10 [main] INFO  Utils - [Utils] MethodGroupsHelper.collectMethodsByGroup() took 0 ms.
2026-05-09 01:51:10 [main] INFO  Utils - [Utils] MethodGroupsHelper.sortMethods() took 3 ms.
2026-05-09 01:51:10 [main] INFO  Utils - [Utils] MethodGroupsHelper.collectMethodsByGroup() took 0 ms.
2026-05-09 01:51:10 [main] INFO  Utils - [Utils] MethodGroupsHelper.sortMethods() took 0 ms.
2026-05-09 01:51:10 [main] INFO  Utils - [Utils] MethodGroupsHelper.collectMethodsByGroup() took 0 ms.
2026-05-09 01:51:10 [main] INFO  Utils - [Utils] MethodGroupsHelper.sortMethods() took 0 ms.
2026-05-09 01:51:10 [main] INFO  Utils - [Utils] MethodGroupsHelper.collectMethodsByGroup() took 0 ms.
2026-05-09 01:51:10 [main] INFO  Utils - [Utils] MethodGroupsHelper.sortMethods() took 0 ms.
2026-05-09 01:51:10 [main] INFO  Utils - [Utils] MethodGroupsHelper.collectMethodsByGroup() took 0 ms.
2026-05-09 01:51:10 [main] INFO  Utils - [Utils] MethodGroupsHelper.sortMethods() took 0 ms.
2026-05-09 01:51:10 [main] INFO  Utils - [Utils] MethodGroupsHelper.collectMethodsByGroup() took 0 ms.
2026-05-09 01:51:10 [main] INFO  Utils - [Utils] MethodGroupsHelper.sortMethods() took 0 ms.
2026-05-09 01:51:10 [main] INFO  Utils - [Utils] MethodGroupsHelper.collectMethodsByGroup() took 0 ms.
2026-05-09 01:51:10 [main] INFO  Utils - [Utils] MethodGroupsHelper.sortMethods() took 0 ms.
2026-05-09 01:51:10 [main] INFO  Utils - [Utils] MethodGroupsHelper.collectMethodsByGroup() took 0 ms.
2026-05-09 01:51:10 [main] INFO  Utils - [Utils] MethodGroupsHelper.sortMethods() took 0 ms.
2026-05-09 01:51:10 [main] INFO  Utils - [Utils] MethodGroupsHelper.collectMethodsByGroup() took 10 ms.
2026-05-09 01:51:10 [main] INFO  Utils - [Utils] MethodGroupsHelper.sortMethods() took 25 ms.
2026-05-09 01:51:10 [main] INFO  Utils - [Utils] MethodGroupsHelper.collectMethodsByGroup() took 0 ms.
2026-05-09 01:51:10 [main] INFO  Utils - [Utils] MethodGroupsHelper.sortMethods() took 0 ms.
2026-05-09 01:51:10 [main] INFO  Utils - [Utils] MethodGroupsHelper.collectMethodsByGroup() took 0 ms.
2026-05-09 01:51:10 [main] INFO  Utils - [Utils] MethodGroupsHelper.sortMethods() took 0 ms.
2026-05-09 01:51:10 [main] INFO  Utils - [Utils] MethodGroupsHelper.collectMethodsByGroup() took 0 ms.
2026-05-09 01:51:10 [main] INFO  Utils - [Utils] MethodGroupsHelper.sortMethods() took 0 ms.
2026-05-09 01:51:10 [main] INFO  Utils - [Utils] MethodGroupsHelper.collectMethodsByGroup() took 27 ms.
2026-05-09 01:51:10 [main] INFO  Utils - [Utils] MethodGroupsHelper.sortMethods() took 1 ms.
2026-05-09 01:51:10 [main] INFO  Utils - [Utils] MethodGroupsHelper.collectMethodsByGroup() took 0 ms.
2026-05-09 01:51:10 [main] INFO  Utils - [Utils] MethodGroupsHelper.sortMethods() took 0 ms.
2026-05-09 01:51:10 [main] INFO  Utils - [Utils] MethodGroupsHelper.collectMethodsByGroup() took 0 ms.
2026-05-09 01:51:10 [main] INFO  Utils - [Utils] MethodGroupsHelper.sortMethods() took 0 ms.
2026-05-09 01:51:10 [main] INFO  Utils - [TestNG] Running:
  C:\Users\Admin\AppData\Local\Temp\testng-eclipse-1786959954\testng-customsuite.xml

2026-05-09 01:51:10 [main] INFO  Utils - [Utils] DynamicGraphHelper.createDynamicGraph() took 6 ms.
2026-05-09 01:51:10 [main] INFO  CashierForgotPasswordPageTest - ========= STARTING TEST: TC363_verifyCashierisAbleToResetPasswordwithLongInputPasswordTest =========
2026-05-09 01:51:10 [main] INFO  TestBase - Launching Browser
2026-05-09 01:51:13 [main] INFO  TestBase - Maximizing window
2026-05-09 01:51:13 [main] INFO  TestBase - deleting all cookies
2026-05-09 01:51:13 [main] INFO  TestBase - launching URL
2026-05-09 01:51:16 [main] INFO  TestBase - Homepage Launched
2026-05-09 01:51:16 [main] INFO  CashierForgotPasswordPageTest - Initializing Wait Utils
2026-05-09 01:51:16 [main] INFO  CashierForgotPasswordPageTest - Initializing Soft Asssert
2026-05-09 01:51:16 [main] INFO  CashierForgotPasswordPageTest - Initializing Home Page
2026-05-09 01:51:16 [main] INFO  CashierForgotPasswordPageTest - Checking Cashier Login Link is Clickable
2026-05-09 01:51:16 [main] INFO  Homepage - Checking Cashier Link is Visible
2026-05-09 01:51:16 [main] INFO  Homepage - Cashier link is Visible
2026-05-09 01:51:16 [main] INFO  Homepage - Checking Cashier Link is Clickable
2026-05-09 01:51:16 [main] INFO  Homepage - Cashier Link is Clickable
2026-05-09 01:51:16 [main] INFO  CashierForgotPasswordPageTest - Clicking on Cashier Login Link
2026-05-09 01:51:16 [main] INFO  CashierForgotPasswordPageTest - Navigating to Cashier Login Page
2026-05-09 01:51:16 [main] INFO  CashierForgotPasswordPageTest - Waiting for Visibility of Elements on Cashier Login Page
2026-05-09 01:51:16 [main] INFO  CashierLoginPage - waiting for cashier login page title to be present
2026-05-09 01:51:17 [main] INFO  CashierLoginPage - cashier login page title is present
2026-05-09 01:51:17 [main] INFO  CashierLoginPage - waiting for login button to be clickable
2026-05-09 01:51:17 [main] INFO  CashierLoginPage - log in button is clickable
2026-05-09 01:51:17 [main] INFO  CashierLoginPage - waiting for password input field to be visible
2026-05-09 01:51:17 [main] INFO  CashierLoginPage - password input field is Visible
2026-05-09 01:51:17 [main] INFO  CashierLoginPage - waiting for employee id input field to be visible
2026-05-09 01:51:17 [main] INFO  CashierLoginPage - employee id input field is Visible
2026-05-09 01:51:17 [main] INFO  CashierLoginPage - waiting for password input field to be Clickable
2026-05-09 01:51:17 [main] INFO  CashierLoginPage - password input field is Clickable
2026-05-09 01:51:17 [main] INFO  CashierLoginPage - waiting for employee id input field to be Clickable
2026-05-09 01:51:17 [main] INFO  CashierLoginPage - employee id input field is Clickable
2026-05-09 01:51:17 [main] INFO  CashierForgotPasswordPageTest - Sucessfully Navigated to Cashier Login Page
2026-05-09 01:51:17 [main] INFO  CashierForgotPasswordPageTest - Clicking on Forgot Password Link
2026-05-09 01:51:17 [main] INFO  CashierLoginPage - Clicking on Forgot password link
2026-05-09 01:51:17 [main] INFO  CashierForgotPasswordPageTest - Navigating to Forgot Password Page
2026-05-09 01:51:17 [main] INFO  CashierForgotPasswordPage - Checking Forgot Password Page Title is present
2026-05-09 01:51:17 [main] INFO  CashierForgotPasswordPage - Extracting title of Forgot Password Page
2026-05-09 01:51:17 [main] INFO  CashierForgotPasswordPageTest - Checking Input Fields are Enabled
2026-05-09 01:51:17 [main] INFO  CashierForgotPasswordPage - Checking Email address Field is Enabled
2026-05-09 01:51:17 [main] INFO  CashierForgotPasswordPage - Checking Mobile Number Field is Enabled
2026-05-09 01:51:17 [main] INFO  CashierForgotPasswordPage - Checking New Password Field is Enabled
2026-05-09 01:51:17 [main] INFO  CashierForgotPasswordPage - Checking Confirm Password Field is Enabled
2026-05-09 01:51:17 [main] INFO  CashierForgotPasswordPageTest - Forgot Password Page is Successfully Loaded
2026-05-09 01:51:17 [main] INFO  CashierForgotPasswordPage - Entering Email Address  vikram.joshi209@gmail.com
2026-05-09 01:51:17 [main] INFO  CashierForgotPasswordPageTest - Email Address Entered
2026-05-09 01:51:17 [main] INFO  CashierForgotPasswordPage - Entering Mobile Number  123
2026-05-09 01:51:18 [main] INFO  CashierForgotPasswordPageTest - Mobile Number Entered
2026-05-09 01:51:18 [main] INFO  CashierForgotPasswordPage - Entering New Password ABCDEFGHIJKLMNOPQRSTUVWXYZabcdefghijklmnopqrstuvwxyz0123456789ABCDEFGHIJKLMNOPQRSTUVWXYZabcdefghijkl
2026-05-09 01:51:18 [main] INFO  CashierForgotPasswordPageTest - New Password Entered
2026-05-09 01:51:18 [main] INFO  CashierForgotPasswordPage - Entering Confirm Password ABCDEFGHIJKLMNOPQRSTUVWXYZabcdefghijklmnopqrstuvwxyz0123456789ABCDEFGHIJKLMNOPQRSTUVWXYZabcdefghijkl
2026-05-09 01:51:19 [main] INFO  CashierForgotPasswordPageTest - Confirm Password Entered
2026-05-09 01:51:19 [main] INFO  CashierForgotPasswordPage - Clicking on Reset Button
2026-05-09 01:51:19 [main] INFO  CashierForgotPasswordPageTest - Clicked on Reset Button
2026-05-09 01:51:19 [main] INFO  CashierForgotPasswordPageTest - Waiting For Presence of Alert
2026-05-09 01:51:19 [main] INFO  CashierForgotPasswordPageTest - Switching to Alert
2026-05-09 01:51:19 [main] INFO  CashierForgotPasswordPageTest - Browser Closed
2026-05-09 01:51:19 [main] INFO  CashierForgotPasswordPageTest - ========= ENDING TEST: TC363_verifyCashierisAbleToResetPasswordwithLongInputPasswordTest =========
2026-05-09 01:51:20 [main] INFO  Utils - [TestNG] Time taken by org.testng.reporters.jq.Main@31edeac: 265 ms
2026-05-09 01:51:20 [main] INFO  Utils - [TestNG] Time taken by org.testng.reporters.FailedReporter@3e84111a: 2 ms
2026-05-09 01:51:20 [main] INFO  Utils - [TestNG] Time taken by org.testng.reporters.XMLReporter@68b58644: 12 ms
2026-05-09 01:51:20 [main] INFO  Utils - [TestNG] Time taken by org.testng.reporters.EmailableReporter2@7d5508e0: 6 ms
2026-05-09 01:51:20 [main] INFO  Utils - [TestNG] Time taken by org.testng.reporters.JUnitReportReporter@379ce046: 10 ms
2026-05-09 01:51:20 [main] INFO  Utils - [TestNG] Time taken by org.testng.internal.ExitCodeListener@701bc94e: 0 ms
2026-05-09 01:56:42 [main] INFO  Utils - [Utils] MethodGroupsHelper.collectMethodsByGroup() took 3 ms.
2026-05-09 01:56:42 [main] INFO  Utils - [Utils] MethodGroupsHelper.sortMethods() took 5 ms.
2026-05-09 01:56:42 [main] INFO  Utils - [Utils] MethodGroupsHelper.collectMethodsByGroup() took 0 ms.
2026-05-09 01:56:42 [main] INFO  Utils - [Utils] MethodGroupsHelper.sortMethods() took 0 ms.
2026-05-09 01:56:42 [main] INFO  Utils - [Utils] MethodGroupsHelper.collectMethodsByGroup() took 0 ms.
2026-05-09 01:56:42 [main] INFO  Utils - [Utils] MethodGroupsHelper.sortMethods() took 0 ms.
2026-05-09 01:56:42 [main] INFO  Utils - [Utils] MethodGroupsHelper.collectMethodsByGroup() took 0 ms.
2026-05-09 01:56:42 [main] INFO  Utils - [Utils] MethodGroupsHelper.sortMethods() took 0 ms.
2026-05-09 01:56:42 [main] INFO  Utils - [Utils] MethodGroupsHelper.collectMethodsByGroup() took 0 ms.
2026-05-09 01:56:42 [main] INFO  Utils - [Utils] MethodGroupsHelper.sortMethods() took 0 ms.
2026-05-09 01:56:42 [main] INFO  Utils - [Utils] MethodGroupsHelper.collectMethodsByGroup() took 0 ms.
2026-05-09 01:56:42 [main] INFO  Utils - [Utils] MethodGroupsHelper.sortMethods() took 0 ms.
2026-05-09 01:56:42 [main] INFO  Utils - [Utils] MethodGroupsHelper.collectMethodsByGroup() took 0 ms.
2026-05-09 01:56:42 [main] INFO  Utils - [Utils] MethodGroupsHelper.sortMethods() took 0 ms.
2026-05-09 01:56:42 [main] INFO  Utils - [Utils] MethodGroupsHelper.collectMethodsByGroup() took 0 ms.
2026-05-09 01:56:42 [main] INFO  Utils - [Utils] MethodGroupsHelper.sortMethods() took 0 ms.
2026-05-09 01:56:42 [main] INFO  Utils - [Utils] MethodGroupsHelper.collectMethodsByGroup() took 16 ms.
2026-05-09 01:56:43 [main] INFO  Utils - [Utils] MethodGroupsHelper.sortMethods() took 31 ms.
2026-05-09 01:56:43 [main] INFO  Utils - [Utils] MethodGroupsHelper.collectMethodsByGroup() took 0 ms.
2026-05-09 01:56:43 [main] INFO  Utils - [Utils] MethodGroupsHelper.sortMethods() took 0 ms.
2026-05-09 01:56:43 [main] INFO  Utils - [Utils] MethodGroupsHelper.collectMethodsByGroup() took 0 ms.
2026-05-09 01:56:43 [main] INFO  Utils - [Utils] MethodGroupsHelper.sortMethods() took 0 ms.
2026-05-09 01:56:43 [main] INFO  Utils - [Utils] MethodGroupsHelper.collectMethodsByGroup() took 0 ms.
2026-05-09 01:56:43 [main] INFO  Utils - [Utils] MethodGroupsHelper.sortMethods() took 0 ms.
2026-05-09 01:56:43 [main] INFO  Utils - [Utils] MethodGroupsHelper.collectMethodsByGroup() took 22 ms.
2026-05-09 01:56:43 [main] INFO  Utils - [Utils] MethodGroupsHelper.sortMethods() took 0 ms.
2026-05-09 01:56:43 [main] INFO  Utils - [Utils] MethodGroupsHelper.collectMethodsByGroup() took 0 ms.
2026-05-09 01:56:43 [main] INFO  Utils - [Utils] MethodGroupsHelper.sortMethods() took 0 ms.
2026-05-09 01:56:43 [main] INFO  Utils - [Utils] MethodGroupsHelper.collectMethodsByGroup() took 0 ms.
2026-05-09 01:56:43 [main] INFO  Utils - [Utils] MethodGroupsHelper.sortMethods() took 0 ms.
2026-05-09 01:56:43 [main] INFO  Utils - [TestNG] Running:
  C:\Users\Admin\AppData\Local\Temp\testng-eclipse-548329007\testng-customsuite.xml

2026-05-09 01:56:43 [main] INFO  Utils - [Utils] DynamicGraphHelper.createDynamicGraph() took 6 ms.
2026-05-09 01:56:43 [main] INFO  CashierForgotPasswordPageTest - ========= STARTING TEST: resetToOriginalPasswordTest =========
2026-05-09 01:56:43 [main] INFO  TestBase - Launching Browser
2026-05-09 01:56:46 [main] INFO  TestBase - Maximizing window
2026-05-09 01:56:46 [main] INFO  TestBase - deleting all cookies
2026-05-09 01:56:46 [main] INFO  TestBase - launching URL
2026-05-09 01:56:49 [main] INFO  TestBase - Homepage Launched
2026-05-09 01:56:49 [main] INFO  CashierForgotPasswordPageTest - Initializing Wait Utils
2026-05-09 01:56:49 [main] INFO  CashierForgotPasswordPageTest - Initializing Soft Asssert
2026-05-09 01:56:49 [main] INFO  CashierForgotPasswordPageTest - Initializing Home Page
2026-05-09 01:56:49 [main] INFO  CashierForgotPasswordPageTest - Checking Cashier Login Link is Clickable
2026-05-09 01:56:49 [main] INFO  Homepage - Checking Cashier Link is Visible
2026-05-09 01:56:50 [main] INFO  Homepage - Cashier link is Visible
2026-05-09 01:56:50 [main] INFO  Homepage - Checking Cashier Link is Clickable
2026-05-09 01:56:50 [main] INFO  Homepage - Cashier Link is Clickable
2026-05-09 01:56:50 [main] INFO  CashierForgotPasswordPageTest - Clicking on Cashier Login Link
2026-05-09 01:56:50 [main] INFO  CashierForgotPasswordPageTest - Navigating to Cashier Login Page
2026-05-09 01:56:50 [main] INFO  CashierForgotPasswordPageTest - Waiting for Visibility of Elements on Cashier Login Page
2026-05-09 01:56:50 [main] INFO  CashierLoginPage - waiting for cashier login page title to be present
2026-05-09 01:56:50 [main] INFO  CashierLoginPage - cashier login page title is present
2026-05-09 01:56:50 [main] INFO  CashierLoginPage - waiting for login button to be clickable
2026-05-09 01:56:50 [main] INFO  CashierLoginPage - log in button is clickable
2026-05-09 01:56:50 [main] INFO  CashierLoginPage - waiting for password input field to be visible
2026-05-09 01:56:50 [main] INFO  CashierLoginPage - password input field is Visible
2026-05-09 01:56:50 [main] INFO  CashierLoginPage - waiting for employee id input field to be visible
2026-05-09 01:56:50 [main] INFO  CashierLoginPage - employee id input field is Visible
2026-05-09 01:56:50 [main] INFO  CashierLoginPage - waiting for password input field to be Clickable
2026-05-09 01:56:50 [main] INFO  CashierLoginPage - password input field is Clickable
2026-05-09 01:56:50 [main] INFO  CashierLoginPage - waiting for employee id input field to be Clickable
2026-05-09 01:56:50 [main] INFO  CashierLoginPage - employee id input field is Clickable
2026-05-09 01:56:50 [main] INFO  CashierForgotPasswordPageTest - Sucessfully Navigated to Cashier Login Page
2026-05-09 01:56:50 [main] INFO  CashierForgotPasswordPageTest - Clicking on Forgot Password Link
2026-05-09 01:56:50 [main] INFO  CashierLoginPage - Clicking on Forgot password link
2026-05-09 01:56:51 [main] INFO  CashierForgotPasswordPageTest - Navigating to Forgot Password Page
2026-05-09 01:56:51 [main] INFO  CashierForgotPasswordPage - Checking Forgot Password Page Title is present
2026-05-09 01:56:51 [main] INFO  CashierForgotPasswordPage - Extracting title of Forgot Password Page
2026-05-09 01:56:51 [main] INFO  CashierForgotPasswordPageTest - Checking Input Fields are Enabled
2026-05-09 01:56:51 [main] INFO  CashierForgotPasswordPage - Checking Email address Field is Enabled
2026-05-09 01:56:51 [main] INFO  CashierForgotPasswordPage - Checking Mobile Number Field is Enabled
2026-05-09 01:56:51 [main] INFO  CashierForgotPasswordPage - Checking New Password Field is Enabled
2026-05-09 01:56:51 [main] INFO  CashierForgotPasswordPage - Checking Confirm Password Field is Enabled
2026-05-09 01:56:51 [main] INFO  CashierForgotPasswordPageTest - Forgot Password Page is Successfully Loaded
2026-05-09 01:56:51 [main] INFO  CashierForgotPasswordPage - Entering Email Address  vikram.joshi209@gmail.com
2026-05-09 01:56:51 [main] INFO  CashierForgotPasswordPageTest - Email Address Entered
2026-05-09 01:56:51 [main] INFO  CashierForgotPasswordPage - Entering Mobile Number  123
2026-05-09 01:56:51 [main] INFO  CashierForgotPasswordPageTest - Mobile Number Entered
2026-05-09 01:56:51 [main] INFO  CashierForgotPasswordPage - Entering New Password Vikram@852
2026-05-09 01:56:51 [main] INFO  CashierForgotPasswordPageTest - New Password Entered
2026-05-09 01:56:51 [main] INFO  CashierForgotPasswordPage - Entering Confirm Password Vikram@852
2026-05-09 01:56:52 [main] INFO  CashierForgotPasswordPageTest - Confirm Password Entered
2026-05-09 01:56:52 [main] INFO  CashierForgotPasswordPage - Clicking on Reset Button
2026-05-09 01:56:52 [main] INFO  CashierForgotPasswordPageTest - Clicked on Reset Button
2026-05-09 01:56:52 [main] INFO  CashierForgotPasswordPageTest - Waiting For Presence of Alert
2026-05-09 01:56:52 [main] INFO  CashierForgotPasswordPageTest - Switching to Alert
2026-05-09 01:56:52 [main] INFO  CashierForgotPasswordPageTest - Browser Closed
2026-05-09 01:56:52 [main] INFO  CashierForgotPasswordPageTest - ========= ENDING TEST: resetToOriginalPasswordTest =========
2026-05-09 01:56:53 [main] INFO  Utils - [TestNG] Time taken by org.testng.reporters.jq.Main@25e49cb2: 229 ms
2026-05-09 01:56:53 [main] INFO  Utils - [TestNG] Time taken by org.testng.reporters.FailedReporter@7c551ad4: 1 ms
2026-05-09 01:56:53 [main] INFO  Utils - [TestNG] Time taken by org.testng.reporters.XMLReporter@1f44ddab: 14 ms
2026-05-09 01:56:53 [main] INFO  Utils - [TestNG] Time taken by org.testng.reporters.EmailableReporter2@6ffa56fa: 9 ms
2026-05-09 01:56:53 [main] INFO  Utils - [TestNG] Time taken by org.testng.reporters.JUnitReportReporter@3fc05ea2: 45 ms
2026-05-09 01:56:53 [main] INFO  Utils - [TestNG] Time taken by org.testng.internal.ExitCodeListener@7c891ba7: 0 ms
2026-05-09 01:57:03 [main] INFO  Utils - [Utils] MethodGroupsHelper.collectMethodsByGroup() took 0 ms.
2026-05-09 01:57:03 [main] INFO  Utils - [Utils] MethodGroupsHelper.sortMethods() took 22 ms.
2026-05-09 01:57:03 [main] INFO  Utils - [Utils] MethodGroupsHelper.collectMethodsByGroup() took 0 ms.
2026-05-09 01:57:03 [main] INFO  Utils - [Utils] MethodGroupsHelper.sortMethods() took 0 ms.
2026-05-09 01:57:03 [main] INFO  Utils - [Utils] MethodGroupsHelper.collectMethodsByGroup() took 0 ms.
2026-05-09 01:57:03 [main] INFO  Utils - [Utils] MethodGroupsHelper.sortMethods() took 0 ms.
2026-05-09 01:57:03 [main] INFO  Utils - [Utils] MethodGroupsHelper.collectMethodsByGroup() took 0 ms.
2026-05-09 01:57:03 [main] INFO  Utils - [Utils] MethodGroupsHelper.sortMethods() took 0 ms.
2026-05-09 01:57:03 [main] INFO  Utils - [Utils] MethodGroupsHelper.collectMethodsByGroup() took 0 ms.
2026-05-09 01:57:03 [main] INFO  Utils - [Utils] MethodGroupsHelper.sortMethods() took 0 ms.
2026-05-09 01:57:03 [main] INFO  Utils - [Utils] MethodGroupsHelper.collectMethodsByGroup() took 0 ms.
2026-05-09 01:57:03 [main] INFO  Utils - [Utils] MethodGroupsHelper.sortMethods() took 0 ms.
2026-05-09 01:57:03 [main] INFO  Utils - [Utils] MethodGroupsHelper.collectMethodsByGroup() took 0 ms.
2026-05-09 01:57:03 [main] INFO  Utils - [Utils] MethodGroupsHelper.sortMethods() took 1 ms.
2026-05-09 01:57:03 [main] INFO  Utils - [Utils] MethodGroupsHelper.collectMethodsByGroup() took 0 ms.
2026-05-09 01:57:03 [main] INFO  Utils - [Utils] MethodGroupsHelper.sortMethods() took 0 ms.
2026-05-09 01:57:03 [main] INFO  Utils - [Utils] MethodGroupsHelper.collectMethodsByGroup() took 6 ms.
2026-05-09 01:57:03 [main] INFO  Utils - [Utils] MethodGroupsHelper.sortMethods() took 66 ms.
2026-05-09 01:57:03 [main] INFO  Utils - [Utils] MethodGroupsHelper.collectMethodsByGroup() took 0 ms.
2026-05-09 01:57:03 [main] INFO  Utils - [Utils] MethodGroupsHelper.sortMethods() took 0 ms.
2026-05-09 01:57:03 [main] INFO  Utils - [Utils] MethodGroupsHelper.collectMethodsByGroup() took 0 ms.
2026-05-09 01:57:03 [main] INFO  Utils - [Utils] MethodGroupsHelper.sortMethods() took 0 ms.
2026-05-09 01:57:03 [main] INFO  Utils - [Utils] MethodGroupsHelper.collectMethodsByGroup() took 0 ms.
2026-05-09 01:57:03 [main] INFO  Utils - [Utils] MethodGroupsHelper.sortMethods() took 0 ms.
2026-05-09 01:57:04 [main] INFO  Utils - [Utils] MethodGroupsHelper.collectMethodsByGroup() took 481 ms.
2026-05-09 01:57:04 [main] INFO  Utils - [Utils] MethodGroupsHelper.sortMethods() took 0 ms.
2026-05-09 01:57:04 [main] INFO  Utils - [Utils] MethodGroupsHelper.collectMethodsByGroup() took 0 ms.
2026-05-09 01:57:04 [main] INFO  Utils - [Utils] MethodGroupsHelper.sortMethods() took 0 ms.
2026-05-09 01:57:04 [main] INFO  Utils - [Utils] MethodGroupsHelper.collectMethodsByGroup() took 0 ms.
2026-05-09 01:57:04 [main] INFO  Utils - [Utils] MethodGroupsHelper.sortMethods() took 0 ms.
2026-05-09 01:57:04 [main] INFO  Utils - [TestNG] Running:
  C:\Users\Admin\AppData\Local\Temp\testng-eclipse--1600847701\testng-customsuite.xml

2026-05-09 01:57:04 [main] INFO  Utils - [Utils] DynamicGraphHelper.createDynamicGraph() took 11 ms.
2026-05-09 01:57:04 [main] INFO  CashierForgotPasswordPageTest - ========= STARTING TEST: TC364_verifyCashierisAbleToResetPasswordwithSpecialCharactersinPasswordTest =========
2026-05-09 01:57:04 [main] INFO  TestBase - Launching Browser
2026-05-09 01:57:06 [main] INFO  Utils - [Utils] MethodGroupsHelper.collectMethodsByGroup() took 0 ms.
2026-05-09 01:57:06 [main] INFO  Utils - [Utils] MethodGroupsHelper.sortMethods() took 2 ms.
2026-05-09 01:57:06 [main] INFO  Utils - [Utils] MethodGroupsHelper.collectMethodsByGroup() took 0 ms.
2026-05-09 01:57:06 [main] INFO  Utils - [Utils] MethodGroupsHelper.sortMethods() took 0 ms.
2026-05-09 01:57:06 [main] INFO  Utils - [Utils] MethodGroupsHelper.collectMethodsByGroup() took 0 ms.
2026-05-09 01:57:06 [main] INFO  Utils - [Utils] MethodGroupsHelper.sortMethods() took 0 ms.
2026-05-09 01:57:06 [main] INFO  Utils - [Utils] MethodGroupsHelper.collectMethodsByGroup() took 0 ms.
2026-05-09 01:57:06 [main] INFO  Utils - [Utils] MethodGroupsHelper.sortMethods() took 0 ms.
2026-05-09 01:57:06 [main] INFO  Utils - [Utils] MethodGroupsHelper.collectMethodsByGroup() took 0 ms.
2026-05-09 01:57:06 [main] INFO  Utils - [Utils] MethodGroupsHelper.sortMethods() took 0 ms.
2026-05-09 01:57:06 [main] INFO  Utils - [Utils] MethodGroupsHelper.collectMethodsByGroup() took 0 ms.
2026-05-09 01:57:06 [main] INFO  Utils - [Utils] MethodGroupsHelper.sortMethods() took 0 ms.
2026-05-09 01:57:06 [main] INFO  Utils - [Utils] MethodGroupsHelper.collectMethodsByGroup() took 0 ms.
2026-05-09 01:57:06 [main] INFO  Utils - [Utils] MethodGroupsHelper.sortMethods() took 0 ms.
2026-05-09 01:57:06 [main] INFO  Utils - [Utils] MethodGroupsHelper.collectMethodsByGroup() took 0 ms.
2026-05-09 01:57:06 [main] INFO  Utils - [Utils] MethodGroupsHelper.sortMethods() took 0 ms.
2026-05-09 01:57:06 [main] INFO  Utils - [Utils] MethodGroupsHelper.collectMethodsByGroup() took 11 ms.
2026-05-09 01:57:06 [main] INFO  Utils - [Utils] MethodGroupsHelper.sortMethods() took 45 ms.
2026-05-09 01:57:06 [main] INFO  Utils - [Utils] MethodGroupsHelper.collectMethodsByGroup() took 0 ms.
2026-05-09 01:57:06 [main] INFO  Utils - [Utils] MethodGroupsHelper.sortMethods() took 0 ms.
2026-05-09 01:57:06 [main] INFO  Utils - [Utils] MethodGroupsHelper.collectMethodsByGroup() took 0 ms.
2026-05-09 01:57:06 [main] INFO  Utils - [Utils] MethodGroupsHelper.sortMethods() took 0 ms.
2026-05-09 01:57:06 [main] INFO  Utils - [Utils] MethodGroupsHelper.collectMethodsByGroup() took 0 ms.
2026-05-09 01:57:06 [main] INFO  Utils - [Utils] MethodGroupsHelper.sortMethods() took 0 ms.
2026-05-09 01:57:06 [main] INFO  Utils - [Utils] MethodGroupsHelper.collectMethodsByGroup() took 31 ms.
2026-05-09 01:57:06 [main] INFO  Utils - [Utils] MethodGroupsHelper.sortMethods() took 0 ms.
2026-05-09 01:57:06 [main] INFO  Utils - [Utils] MethodGroupsHelper.collectMethodsByGroup() took 0 ms.
2026-05-09 01:57:06 [main] INFO  Utils - [Utils] MethodGroupsHelper.sortMethods() took 0 ms.
2026-05-09 01:57:06 [main] INFO  Utils - [Utils] MethodGroupsHelper.collectMethodsByGroup() took 0 ms.
2026-05-09 01:57:06 [main] INFO  Utils - [Utils] MethodGroupsHelper.sortMethods() took 0 ms.
2026-05-09 01:57:07 [main] INFO  Utils - [TestNG] Running:
  C:\Users\Admin\AppData\Local\Temp\testng-eclipse--730160940\testng-customsuite.xml

2026-05-09 01:57:07 [main] INFO  Utils - [Utils] DynamicGraphHelper.createDynamicGraph() took 22 ms.
2026-05-09 01:57:07 [main] INFO  CashierForgotPasswordPageTest - ========= STARTING TEST: TC364_verifyCashierisAbleToResetPasswordwithSpecialCharactersinPasswordTest =========
2026-05-09 01:57:07 [main] INFO  TestBase - Launching Browser
2026-05-09 01:57:09 [main] INFO  TestBase - Maximizing window
2026-05-09 01:57:10 [main] INFO  TestBase - deleting all cookies
2026-05-09 01:57:10 [main] INFO  TestBase - launching URL
2026-05-09 01:57:13 [main] INFO  TestBase - Maximizing window
2026-05-09 01:57:13 [main] INFO  TestBase - deleting all cookies
2026-05-09 01:57:13 [main] INFO  TestBase - launching URL
2026-05-09 01:57:15 [main] INFO  TestBase - Homepage Launched
2026-05-09 01:57:15 [main] INFO  CashierForgotPasswordPageTest - Initializing Wait Utils
2026-05-09 01:57:15 [main] INFO  CashierForgotPasswordPageTest - Initializing Soft Asssert
2026-05-09 01:57:15 [main] INFO  CashierForgotPasswordPageTest - Initializing Home Page
2026-05-09 01:57:15 [main] INFO  CashierForgotPasswordPageTest - Checking Cashier Login Link is Clickable
2026-05-09 01:57:15 [main] INFO  Homepage - Checking Cashier Link is Visible
2026-05-09 01:57:15 [main] INFO  Homepage - Cashier link is Visible
2026-05-09 01:57:15 [main] INFO  Homepage - Checking Cashier Link is Clickable
2026-05-09 01:57:15 [main] INFO  Homepage - Cashier Link is Clickable
2026-05-09 01:57:15 [main] INFO  CashierForgotPasswordPageTest - Clicking on Cashier Login Link
2026-05-09 01:57:16 [main] INFO  CashierForgotPasswordPageTest - Navigating to Cashier Login Page
2026-05-09 01:57:16 [main] INFO  CashierForgotPasswordPageTest - Waiting for Visibility of Elements on Cashier Login Page
2026-05-09 01:57:16 [main] INFO  CashierLoginPage - waiting for cashier login page title to be present
2026-05-09 01:57:16 [main] INFO  CashierLoginPage - cashier login page title is present
2026-05-09 01:57:16 [main] INFO  CashierLoginPage - waiting for login button to be clickable
2026-05-09 01:57:16 [main] INFO  TestBase - Homepage Launched
2026-05-09 01:57:16 [main] INFO  CashierForgotPasswordPageTest - Initializing Wait Utils
2026-05-09 01:57:16 [main] INFO  CashierForgotPasswordPageTest - Initializing Soft Asssert
2026-05-09 01:57:16 [main] INFO  CashierForgotPasswordPageTest - Initializing Home Page
2026-05-09 01:57:16 [main] INFO  CashierForgotPasswordPageTest - Checking Cashier Login Link is Clickable
2026-05-09 01:57:16 [main] INFO  Homepage - Checking Cashier Link is Visible
2026-05-09 01:57:16 [main] INFO  Homepage - Cashier link is Visible
2026-05-09 01:57:16 [main] INFO  Homepage - Checking Cashier Link is Clickable
2026-05-09 01:57:17 [main] INFO  Homepage - Cashier Link is Clickable
2026-05-09 01:57:17 [main] INFO  CashierForgotPasswordPageTest - Clicking on Cashier Login Link
2026-05-09 01:57:18 [main] INFO  CashierLoginPage - log in button is clickable
2026-05-09 01:57:18 [main] INFO  CashierLoginPage - waiting for password input field to be visible
2026-05-09 01:57:18 [main] INFO  CashierForgotPasswordPageTest - Navigating to Cashier Login Page
2026-05-09 01:57:18 [main] INFO  CashierForgotPasswordPageTest - Waiting for Visibility of Elements on Cashier Login Page
2026-05-09 01:57:18 [main] INFO  CashierLoginPage - waiting for cashier login page title to be present
2026-05-09 01:57:18 [main] INFO  CashierLoginPage - cashier login page title is present
2026-05-09 01:57:18 [main] INFO  CashierLoginPage - waiting for login button to be clickable
2026-05-09 01:57:18 [main] INFO  CashierLoginPage - password input field is Visible
2026-05-09 01:57:18 [main] INFO  CashierLoginPage - waiting for employee id input field to be visible
2026-05-09 01:57:18 [main] INFO  CashierLoginPage - log in button is clickable
2026-05-09 01:57:18 [main] INFO  CashierLoginPage - waiting for password input field to be visible
2026-05-09 01:57:18 [main] INFO  CashierLoginPage - employee id input field is Visible
2026-05-09 01:57:18 [main] INFO  CashierLoginPage - waiting for password input field to be Clickable
2026-05-09 01:57:18 [main] INFO  CashierLoginPage - password input field is Visible
2026-05-09 01:57:18 [main] INFO  CashierLoginPage - waiting for employee id input field to be visible
2026-05-09 01:57:18 [main] INFO  CashierLoginPage - password input field is Clickable
2026-05-09 01:57:18 [main] INFO  CashierLoginPage - waiting for employee id input field to be Clickable
2026-05-09 01:57:18 [main] INFO  CashierLoginPage - employee id input field is Visible
2026-05-09 01:57:18 [main] INFO  CashierLoginPage - waiting for password input field to be Clickable
2026-05-09 01:57:18 [main] INFO  CashierLoginPage - password input field is Clickable
2026-05-09 01:57:18 [main] INFO  CashierLoginPage - waiting for employee id input field to be Clickable
2026-05-09 01:57:18 [main] INFO  CashierLoginPage - employee id input field is Clickable
2026-05-09 01:57:18 [main] INFO  CashierForgotPasswordPageTest - Sucessfully Navigated to Cashier Login Page
2026-05-09 01:57:18 [main] INFO  CashierForgotPasswordPageTest - Clicking on Forgot Password Link
2026-05-09 01:57:18 [main] INFO  CashierLoginPage - Clicking on Forgot password link
2026-05-09 01:57:18 [main] INFO  CashierLoginPage - employee id input field is Clickable
2026-05-09 01:57:18 [main] INFO  CashierForgotPasswordPageTest - Sucessfully Navigated to Cashier Login Page
2026-05-09 01:57:18 [main] INFO  CashierForgotPasswordPageTest - Clicking on Forgot Password Link
2026-05-09 01:57:18 [main] INFO  CashierLoginPage - Clicking on Forgot password link
2026-05-09 01:57:18 [main] INFO  CashierForgotPasswordPageTest - Navigating to Forgot Password Page
2026-05-09 01:57:18 [main] INFO  CashierForgotPasswordPage - Checking Forgot Password Page Title is present
2026-05-09 01:57:18 [main] INFO  CashierForgotPasswordPage - Extracting title of Forgot Password Page
2026-05-09 01:57:18 [main] INFO  CashierForgotPasswordPageTest - Checking Input Fields are Enabled
2026-05-09 01:57:18 [main] INFO  CashierForgotPasswordPage - Checking Email address Field is Enabled
2026-05-09 01:57:18 [main] INFO  CashierForgotPasswordPage - Checking Mobile Number Field is Enabled
2026-05-09 01:57:19 [main] INFO  CashierForgotPasswordPageTest - Navigating to Forgot Password Page
2026-05-09 01:57:19 [main] INFO  CashierForgotPasswordPage - Checking Forgot Password Page Title is present
2026-05-09 01:57:19 [main] INFO  CashierForgotPasswordPage - Extracting title of Forgot Password Page
2026-05-09 01:57:19 [main] INFO  CashierForgotPasswordPage - Checking New Password Field is Enabled
2026-05-09 01:57:19 [main] INFO  CashierForgotPasswordPage - Checking Confirm Password Field is Enabled
2026-05-09 01:57:19 [main] INFO  CashierForgotPasswordPageTest - Checking Input Fields are Enabled
2026-05-09 01:57:19 [main] INFO  CashierForgotPasswordPage - Checking Email address Field is Enabled
2026-05-09 01:57:19 [main] INFO  CashierForgotPasswordPageTest - Forgot Password Page is Successfully Loaded
2026-05-09 01:57:19 [main] INFO  CashierForgotPasswordPage - Entering Email Address  vikram.joshi209@gmail.com
2026-05-09 01:57:19 [main] INFO  CashierForgotPasswordPage - Checking Mobile Number Field is Enabled
2026-05-09 01:57:19 [main] INFO  CashierForgotPasswordPage - Checking New Password Field is Enabled
2026-05-09 01:57:19 [main] INFO  CashierForgotPasswordPageTest - Email Address Entered
2026-05-09 01:57:19 [main] INFO  CashierForgotPasswordPage - Entering Mobile Number  123
2026-05-09 01:57:19 [main] INFO  CashierForgotPasswordPage - Checking Confirm Password Field is Enabled
2026-05-09 01:57:19 [main] INFO  CashierForgotPasswordPageTest - Mobile Number Entered
2026-05-09 01:57:19 [main] INFO  CashierForgotPasswordPage - Entering New Password Ab@x#K!p$Q
2026-05-09 01:57:19 [main] INFO  CashierForgotPasswordPageTest - Forgot Password Page is Successfully Loaded
2026-05-09 01:57:19 [main] INFO  CashierForgotPasswordPage - Entering Email Address  vikram.joshi209@gmail.com
2026-05-09 01:57:19 [main] INFO  CashierForgotPasswordPageTest - New Password Entered
2026-05-09 01:57:19 [main] INFO  CashierForgotPasswordPage - Entering Confirm Password Ab@x#K!p$Q
2026-05-09 01:57:20 [main] INFO  CashierForgotPasswordPageTest - Email Address Entered
2026-05-09 01:57:20 [main] INFO  CashierForgotPasswordPage - Entering Mobile Number  123
2026-05-09 01:57:20 [main] INFO  CashierForgotPasswordPageTest - Confirm Password Entered
2026-05-09 01:57:20 [main] INFO  CashierForgotPasswordPage - Clicking on Reset Button
2026-05-09 01:57:20 [main] INFO  CashierForgotPasswordPageTest - Mobile Number Entered
2026-05-09 01:57:20 [main] INFO  CashierForgotPasswordPage - Entering New Password Ab@x#K!p$Q
2026-05-09 01:57:20 [main] INFO  CashierForgotPasswordPageTest - Clicked on Reset Button
2026-05-09 01:57:20 [main] INFO  CashierForgotPasswordPageTest - Waiting For Presence of Alert
2026-05-09 01:57:20 [main] INFO  CashierForgotPasswordPageTest - Switching to Alert
2026-05-09 01:57:20 [main] INFO  CashierForgotPasswordPageTest - Browser Closed
2026-05-09 01:57:20 [main] INFO  CashierForgotPasswordPageTest - New Password Entered
2026-05-09 01:57:20 [main] INFO  CashierForgotPasswordPage - Entering Confirm Password Ab@x#K!p$Q
2026-05-09 01:57:21 [main] INFO  CashierForgotPasswordPageTest - Confirm Password Entered
2026-05-09 01:57:21 [main] INFO  CashierForgotPasswordPage - Clicking on Reset Button
2026-05-09 01:57:21 [main] INFO  CashierForgotPasswordPageTest - Clicked on Reset Button
2026-05-09 01:57:21 [main] INFO  CashierForgotPasswordPageTest - Waiting For Presence of Alert
2026-05-09 01:57:21 [main] INFO  CashierForgotPasswordPageTest - Switching to Alert
2026-05-09 01:57:21 [main] INFO  CashierForgotPasswordPageTest - Browser Closed
2026-05-09 01:57:22 [main] INFO  CashierForgotPasswordPageTest - ========= ENDING TEST: TC364_verifyCashierisAbleToResetPasswordwithSpecialCharactersinPasswordTest =========
2026-05-09 01:57:22 [main] INFO  Utils - [TestNG] Time taken by org.testng.reporters.jq.Main@6b2e0f78: 274 ms
2026-05-09 01:57:22 [main] INFO  Utils - [TestNG] Time taken by org.testng.reporters.FailedReporter@2015b2cd: 1 ms
2026-05-09 01:57:22 [main] INFO  Utils - [TestNG] Time taken by org.testng.reporters.XMLReporter@3b2f4a93: 14 ms
2026-05-09 01:57:22 [main] INFO  Utils - [TestNG] Time taken by org.testng.reporters.EmailableReporter2@73545b80: 6 ms
2026-05-09 01:57:22 [main] INFO  Utils - [TestNG] Time taken by org.testng.reporters.JUnitReportReporter@1460c81d: 12 ms
2026-05-09 01:57:22 [main] INFO  Utils - [TestNG] Time taken by org.testng.internal.ExitCodeListener@38b5f25: 0 ms
2026-05-09 01:57:22 [main] INFO  CashierForgotPasswordPageTest - ========= ENDING TEST: TC364_verifyCashierisAbleToResetPasswordwithSpecialCharactersinPasswordTest =========
2026-05-09 01:57:23 [main] INFO  Utils - [TestNG] Time taken by org.testng.reporters.jq.Main@6b2e0f78: 277 ms
2026-05-09 01:57:23 [main] INFO  Utils - [TestNG] Time taken by org.testng.reporters.FailedReporter@2015b2cd: 1 ms
2026-05-09 01:57:23 [main] INFO  Utils - [TestNG] Time taken by org.testng.reporters.XMLReporter@3b2f4a93: 15 ms
2026-05-09 01:57:23 [main] INFO  Utils - [TestNG] Time taken by org.testng.reporters.EmailableReporter2@73545b80: 8 ms
2026-05-09 01:57:23 [main] INFO  Utils - [TestNG] Time taken by org.testng.reporters.JUnitReportReporter@1460c81d: 10 ms
2026-05-09 01:57:23 [main] INFO  Utils - [TestNG] Time taken by org.testng.internal.ExitCodeListener@38b5f25: 0 ms
2026-05-09 01:57:48 [main] INFO  Utils - [Utils] MethodGroupsHelper.collectMethodsByGroup() took 0 ms.
2026-05-09 01:57:48 [main] INFO  Utils - [Utils] MethodGroupsHelper.sortMethods() took 1 ms.
2026-05-09 01:57:48 [main] INFO  Utils - [Utils] MethodGroupsHelper.collectMethodsByGroup() took 0 ms.
2026-05-09 01:57:48 [main] INFO  Utils - [Utils] MethodGroupsHelper.sortMethods() took 0 ms.
2026-05-09 01:57:48 [main] INFO  Utils - [Utils] MethodGroupsHelper.collectMethodsByGroup() took 0 ms.
2026-05-09 01:57:48 [main] INFO  Utils - [Utils] MethodGroupsHelper.sortMethods() took 0 ms.
2026-05-09 01:57:48 [main] INFO  Utils - [Utils] MethodGroupsHelper.collectMethodsByGroup() took 0 ms.
2026-05-09 01:57:48 [main] INFO  Utils - [Utils] MethodGroupsHelper.sortMethods() took 0 ms.
2026-05-09 01:57:48 [main] INFO  Utils - [Utils] MethodGroupsHelper.collectMethodsByGroup() took 0 ms.
2026-05-09 01:57:48 [main] INFO  Utils - [Utils] MethodGroupsHelper.sortMethods() took 0 ms.
2026-05-09 01:57:48 [main] INFO  Utils - [Utils] MethodGroupsHelper.collectMethodsByGroup() took 0 ms.
2026-05-09 01:57:48 [main] INFO  Utils - [Utils] MethodGroupsHelper.sortMethods() took 2 ms.
2026-05-09 01:57:48 [main] INFO  Utils - [Utils] MethodGroupsHelper.collectMethodsByGroup() took 0 ms.
2026-05-09 01:57:48 [main] INFO  Utils - [Utils] MethodGroupsHelper.sortMethods() took 0 ms.
2026-05-09 01:57:48 [main] INFO  Utils - [Utils] MethodGroupsHelper.collectMethodsByGroup() took 0 ms.
2026-05-09 01:57:48 [main] INFO  Utils - [Utils] MethodGroupsHelper.sortMethods() took 0 ms.
2026-05-09 01:57:48 [main] INFO  Utils - [Utils] MethodGroupsHelper.collectMethodsByGroup() took 15 ms.
2026-05-09 01:57:48 [main] INFO  Utils - [Utils] MethodGroupsHelper.sortMethods() took 32 ms.
2026-05-09 01:57:48 [main] INFO  Utils - [Utils] MethodGroupsHelper.collectMethodsByGroup() took 0 ms.
2026-05-09 01:57:49 [main] INFO  Utils - [Utils] MethodGroupsHelper.sortMethods() took 0 ms.
2026-05-09 01:57:49 [main] INFO  Utils - [Utils] MethodGroupsHelper.collectMethodsByGroup() took 0 ms.
2026-05-09 01:57:49 [main] INFO  Utils - [Utils] MethodGroupsHelper.sortMethods() took 0 ms.
2026-05-09 01:57:49 [main] INFO  Utils - [Utils] MethodGroupsHelper.collectMethodsByGroup() took 0 ms.
2026-05-09 01:57:49 [main] INFO  Utils - [Utils] MethodGroupsHelper.sortMethods() took 0 ms.
2026-05-09 01:57:49 [main] INFO  Utils - [Utils] MethodGroupsHelper.collectMethodsByGroup() took 29 ms.
2026-05-09 01:57:49 [main] INFO  Utils - [Utils] MethodGroupsHelper.sortMethods() took 1 ms.
2026-05-09 01:57:49 [main] INFO  Utils - [Utils] MethodGroupsHelper.collectMethodsByGroup() took 0 ms.
2026-05-09 01:57:49 [main] INFO  Utils - [Utils] MethodGroupsHelper.sortMethods() took 0 ms.
2026-05-09 01:57:49 [main] INFO  Utils - [Utils] MethodGroupsHelper.collectMethodsByGroup() took 0 ms.
2026-05-09 01:57:49 [main] INFO  Utils - [Utils] MethodGroupsHelper.sortMethods() took 0 ms.
2026-05-09 01:57:49 [main] INFO  Utils - [TestNG] Running:
  C:\Users\Admin\AppData\Local\Temp\testng-eclipse-18437827\testng-customsuite.xml

2026-05-09 01:57:49 [main] INFO  Utils - [Utils] DynamicGraphHelper.createDynamicGraph() took 9 ms.
2026-05-09 01:57:49 [main] INFO  CashierForgotPasswordPageTest - ========= STARTING TEST: TC364_verifyCashierisAbleToResetPasswordwithSpecialCharactersinPasswordTest =========
2026-05-09 01:57:49 [main] INFO  TestBase - Launching Browser
2026-05-09 01:57:52 [main] INFO  TestBase - Maximizing window
2026-05-09 01:57:52 [main] INFO  TestBase - deleting all cookies
2026-05-09 01:57:52 [main] INFO  TestBase - launching URL
2026-05-09 01:57:54 [main] INFO  TestBase - Homepage Launched
2026-05-09 01:57:54 [main] INFO  CashierForgotPasswordPageTest - Initializing Wait Utils
2026-05-09 01:57:54 [main] INFO  CashierForgotPasswordPageTest - Initializing Soft Asssert
2026-05-09 01:57:54 [main] INFO  CashierForgotPasswordPageTest - Initializing Home Page
2026-05-09 01:57:54 [main] INFO  CashierForgotPasswordPageTest - Checking Cashier Login Link is Clickable
2026-05-09 01:57:54 [main] INFO  Homepage - Checking Cashier Link is Visible
2026-05-09 01:57:54 [main] INFO  Homepage - Cashier link is Visible
2026-05-09 01:57:54 [main] INFO  Homepage - Checking Cashier Link is Clickable
2026-05-09 01:57:54 [main] INFO  Homepage - Cashier Link is Clickable
2026-05-09 01:57:54 [main] INFO  CashierForgotPasswordPageTest - Clicking on Cashier Login Link
2026-05-09 01:57:55 [main] INFO  CashierForgotPasswordPageTest - Navigating to Cashier Login Page
2026-05-09 01:57:55 [main] INFO  CashierForgotPasswordPageTest - Waiting for Visibility of Elements on Cashier Login Page
2026-05-09 01:57:55 [main] INFO  CashierLoginPage - waiting for cashier login page title to be present
2026-05-09 01:57:55 [main] INFO  CashierLoginPage - cashier login page title is present
2026-05-09 01:57:55 [main] INFO  CashierLoginPage - waiting for login button to be clickable
2026-05-09 01:57:55 [main] INFO  CashierLoginPage - log in button is clickable
2026-05-09 01:57:55 [main] INFO  CashierLoginPage - waiting for password input field to be visible
2026-05-09 01:57:55 [main] INFO  CashierLoginPage - password input field is Visible
2026-05-09 01:57:55 [main] INFO  CashierLoginPage - waiting for employee id input field to be visible
2026-05-09 01:57:55 [main] INFO  CashierLoginPage - employee id input field is Visible
2026-05-09 01:57:55 [main] INFO  CashierLoginPage - waiting for password input field to be Clickable
2026-05-09 01:57:55 [main] INFO  CashierLoginPage - password input field is Clickable
2026-05-09 01:57:55 [main] INFO  CashierLoginPage - waiting for employee id input field to be Clickable
2026-05-09 01:57:55 [main] INFO  CashierLoginPage - employee id input field is Clickable
2026-05-09 01:57:55 [main] INFO  CashierForgotPasswordPageTest - Sucessfully Navigated to Cashier Login Page
2026-05-09 01:57:55 [main] INFO  CashierForgotPasswordPageTest - Clicking on Forgot Password Link
2026-05-09 01:57:55 [main] INFO  CashierLoginPage - Clicking on Forgot password link
2026-05-09 01:57:55 [main] INFO  CashierForgotPasswordPageTest - Navigating to Forgot Password Page
2026-05-09 01:57:55 [main] INFO  CashierForgotPasswordPage - Checking Forgot Password Page Title is present
2026-05-09 01:57:55 [main] INFO  CashierForgotPasswordPage - Extracting title of Forgot Password Page
2026-05-09 01:57:56 [main] INFO  CashierForgotPasswordPageTest - Checking Input Fields are Enabled
2026-05-09 01:57:56 [main] INFO  CashierForgotPasswordPage - Checking Email address Field is Enabled
2026-05-09 01:57:56 [main] INFO  CashierForgotPasswordPage - Checking Mobile Number Field is Enabled
2026-05-09 01:57:56 [main] INFO  CashierForgotPasswordPage - Checking New Password Field is Enabled
2026-05-09 01:57:56 [main] INFO  CashierForgotPasswordPage - Checking Confirm Password Field is Enabled
2026-05-09 01:57:56 [main] INFO  CashierForgotPasswordPageTest - Forgot Password Page is Successfully Loaded
2026-05-09 01:57:56 [main] INFO  CashierForgotPasswordPage - Entering Email Address  vikram.joshi209@gmail.com
2026-05-09 01:57:56 [main] INFO  CashierForgotPasswordPageTest - Email Address Entered
2026-05-09 01:57:56 [main] INFO  CashierForgotPasswordPage - Entering Mobile Number  123
2026-05-09 01:57:56 [main] INFO  CashierForgotPasswordPageTest - Mobile Number Entered
2026-05-09 01:57:56 [main] INFO  CashierForgotPasswordPage - Entering New Password Ab@x#K!p$Q
2026-05-09 01:57:56 [main] INFO  CashierForgotPasswordPageTest - New Password Entered
2026-05-09 01:57:56 [main] INFO  CashierForgotPasswordPage - Entering Confirm Password Ab@x#K!p$Q
2026-05-09 01:57:56 [main] INFO  CashierForgotPasswordPageTest - Confirm Password Entered
2026-05-09 01:57:56 [main] INFO  CashierForgotPasswordPage - Clicking on Reset Button
2026-05-09 01:57:57 [main] INFO  CashierForgotPasswordPageTest - Clicked on Reset Button
2026-05-09 01:57:57 [main] INFO  CashierForgotPasswordPageTest - Waiting For Presence of Alert
2026-05-09 01:57:57 [main] INFO  CashierForgotPasswordPageTest - Switching to Alert
2026-05-09 01:57:57 [main] INFO  CashierForgotPasswordPageTest - Browser Closed
2026-05-09 01:57:57 [main] INFO  CashierForgotPasswordPageTest - ========= ENDING TEST: TC364_verifyCashierisAbleToResetPasswordwithSpecialCharactersinPasswordTest =========
2026-05-09 01:57:57 [main] INFO  Utils - [TestNG] Time taken by org.testng.reporters.jq.Main@45bb2aa1: 214 ms
2026-05-09 01:57:57 [main] INFO  Utils - [TestNG] Time taken by org.testng.reporters.FailedReporter@6fa69af7: 5 ms
2026-05-09 01:57:58 [main] INFO  Utils - [TestNG] Time taken by org.testng.reporters.XMLReporter@6ae3fb94: 14 ms
2026-05-09 01:57:58 [main] INFO  Utils - [TestNG] Time taken by org.testng.reporters.EmailableReporter2@37ed010a: 6 ms
2026-05-09 01:57:58 [main] INFO  Utils - [TestNG] Time taken by org.testng.reporters.JUnitReportReporter@3d8b319e: 19 ms
2026-05-09 01:57:58 [main] INFO  Utils - [TestNG] Time taken by org.testng.internal.ExitCodeListener@27a97e08: 0 ms
2026-05-09 01:58:42 [main] INFO  Utils - [Utils] MethodGroupsHelper.collectMethodsByGroup() took 2 ms.
2026-05-09 01:58:42 [main] INFO  Utils - [Utils] MethodGroupsHelper.sortMethods() took 6 ms.
2026-05-09 01:58:42 [main] INFO  Utils - [Utils] MethodGroupsHelper.collectMethodsByGroup() took 0 ms.
2026-05-09 01:58:42 [main] INFO  Utils - [Utils] MethodGroupsHelper.sortMethods() took 0 ms.
2026-05-09 01:58:42 [main] INFO  Utils - [Utils] MethodGroupsHelper.collectMethodsByGroup() took 0 ms.
2026-05-09 01:58:42 [main] INFO  Utils - [Utils] MethodGroupsHelper.sortMethods() took 1 ms.
2026-05-09 01:58:42 [main] INFO  Utils - [Utils] MethodGroupsHelper.collectMethodsByGroup() took 0 ms.
2026-05-09 01:58:42 [main] INFO  Utils - [Utils] MethodGroupsHelper.sortMethods() took 0 ms.
2026-05-09 01:58:42 [main] INFO  Utils - [Utils] MethodGroupsHelper.collectMethodsByGroup() took 0 ms.
2026-05-09 01:58:42 [main] INFO  Utils - [Utils] MethodGroupsHelper.sortMethods() took 0 ms.
2026-05-09 01:58:42 [main] INFO  Utils - [Utils] MethodGroupsHelper.collectMethodsByGroup() took 0 ms.
2026-05-09 01:58:42 [main] INFO  Utils - [Utils] MethodGroupsHelper.sortMethods() took 0 ms.
2026-05-09 01:58:42 [main] INFO  Utils - [Utils] MethodGroupsHelper.collectMethodsByGroup() took 0 ms.
2026-05-09 01:58:42 [main] INFO  Utils - [Utils] MethodGroupsHelper.sortMethods() took 0 ms.
2026-05-09 01:58:42 [main] INFO  Utils - [Utils] MethodGroupsHelper.collectMethodsByGroup() took 0 ms.
2026-05-09 01:58:42 [main] INFO  Utils - [Utils] MethodGroupsHelper.sortMethods() took 0 ms.
2026-05-09 01:58:42 [main] INFO  Utils - [Utils] MethodGroupsHelper.collectMethodsByGroup() took 13 ms.
2026-05-09 01:58:42 [main] INFO  Utils - [Utils] MethodGroupsHelper.sortMethods() took 34 ms.
2026-05-09 01:58:42 [main] INFO  Utils - [Utils] MethodGroupsHelper.collectMethodsByGroup() took 0 ms.
2026-05-09 01:58:42 [main] INFO  Utils - [Utils] MethodGroupsHelper.sortMethods() took 1 ms.
2026-05-09 01:58:42 [main] INFO  Utils - [Utils] MethodGroupsHelper.collectMethodsByGroup() took 0 ms.
2026-05-09 01:58:42 [main] INFO  Utils - [Utils] MethodGroupsHelper.sortMethods() took 0 ms.
2026-05-09 01:58:42 [main] INFO  Utils - [Utils] MethodGroupsHelper.collectMethodsByGroup() took 0 ms.
2026-05-09 01:58:42 [main] INFO  Utils - [Utils] MethodGroupsHelper.sortMethods() took 0 ms.
2026-05-09 01:58:42 [main] INFO  Utils - [Utils] MethodGroupsHelper.collectMethodsByGroup() took 23 ms.
2026-05-09 01:58:42 [main] INFO  Utils - [Utils] MethodGroupsHelper.sortMethods() took 2 ms.
2026-05-09 01:58:42 [main] INFO  Utils - [Utils] MethodGroupsHelper.collectMethodsByGroup() took 0 ms.
2026-05-09 01:58:42 [main] INFO  Utils - [Utils] MethodGroupsHelper.sortMethods() took 0 ms.
2026-05-09 01:58:42 [main] INFO  Utils - [Utils] MethodGroupsHelper.collectMethodsByGroup() took 0 ms.
2026-05-09 01:58:42 [main] INFO  Utils - [Utils] MethodGroupsHelper.sortMethods() took 0 ms.
2026-05-09 01:58:42 [main] INFO  Utils - [TestNG] Running:
  C:\Users\Admin\AppData\Local\Temp\testng-eclipse--1923497141\testng-customsuite.xml

2026-05-09 01:58:42 [main] INFO  Utils - [Utils] DynamicGraphHelper.createDynamicGraph() took 9 ms.
2026-05-09 01:58:42 [main] INFO  CashierForgotPasswordPageTest - ========= STARTING TEST: resetToOriginalPasswordTest =========
2026-05-09 01:58:42 [main] INFO  TestBase - Launching Browser
2026-05-09 01:58:46 [main] INFO  TestBase - Maximizing window
2026-05-09 01:58:46 [main] INFO  TestBase - deleting all cookies
2026-05-09 01:58:46 [main] INFO  TestBase - launching URL
2026-05-09 01:58:49 [main] INFO  TestBase - Homepage Launched
2026-05-09 01:58:49 [main] INFO  CashierForgotPasswordPageTest - Initializing Wait Utils
2026-05-09 01:58:49 [main] INFO  CashierForgotPasswordPageTest - Initializing Soft Asssert
2026-05-09 01:58:49 [main] INFO  CashierForgotPasswordPageTest - Initializing Home Page
2026-05-09 01:58:49 [main] INFO  CashierForgotPasswordPageTest - Checking Cashier Login Link is Clickable
2026-05-09 01:58:49 [main] INFO  Homepage - Checking Cashier Link is Visible
2026-05-09 01:58:49 [main] INFO  Homepage - Cashier link is Visible
2026-05-09 01:58:49 [main] INFO  Homepage - Checking Cashier Link is Clickable
2026-05-09 01:58:49 [main] INFO  Homepage - Cashier Link is Clickable
2026-05-09 01:58:49 [main] INFO  CashierForgotPasswordPageTest - Clicking on Cashier Login Link
2026-05-09 01:58:50 [main] INFO  CashierForgotPasswordPageTest - Navigating to Cashier Login Page
2026-05-09 01:58:50 [main] INFO  CashierForgotPasswordPageTest - Waiting for Visibility of Elements on Cashier Login Page
2026-05-09 01:58:50 [main] INFO  CashierLoginPage - waiting for cashier login page title to be present
2026-05-09 01:58:50 [main] INFO  CashierLoginPage - cashier login page title is present
2026-05-09 01:58:50 [main] INFO  CashierLoginPage - waiting for login button to be clickable
2026-05-09 01:58:50 [main] INFO  CashierLoginPage - log in button is clickable
2026-05-09 01:58:50 [main] INFO  CashierLoginPage - waiting for password input field to be visible
2026-05-09 01:58:50 [main] INFO  CashierLoginPage - password input field is Visible
2026-05-09 01:58:50 [main] INFO  CashierLoginPage - waiting for employee id input field to be visible
2026-05-09 01:58:50 [main] INFO  CashierLoginPage - employee id input field is Visible
2026-05-09 01:58:50 [main] INFO  CashierLoginPage - waiting for password input field to be Clickable
2026-05-09 01:58:50 [main] INFO  CashierLoginPage - password input field is Clickable
2026-05-09 01:58:50 [main] INFO  CashierLoginPage - waiting for employee id input field to be Clickable
2026-05-09 01:58:50 [main] INFO  CashierLoginPage - employee id input field is Clickable
2026-05-09 01:58:50 [main] INFO  CashierForgotPasswordPageTest - Sucessfully Navigated to Cashier Login Page
2026-05-09 01:58:50 [main] INFO  CashierForgotPasswordPageTest - Clicking on Forgot Password Link
2026-05-09 01:58:50 [main] INFO  CashierLoginPage - Clicking on Forgot password link
2026-05-09 01:58:51 [main] INFO  CashierForgotPasswordPageTest - Navigating to Forgot Password Page
2026-05-09 01:58:51 [main] INFO  CashierForgotPasswordPage - Checking Forgot Password Page Title is present
2026-05-09 01:58:51 [main] INFO  CashierForgotPasswordPage - Extracting title of Forgot Password Page
2026-05-09 01:58:51 [main] INFO  CashierForgotPasswordPageTest - Checking Input Fields are Enabled
2026-05-09 01:58:51 [main] INFO  CashierForgotPasswordPage - Checking Email address Field is Enabled
2026-05-09 01:58:51 [main] INFO  CashierForgotPasswordPage - Checking Mobile Number Field is Enabled
2026-05-09 01:58:51 [main] INFO  CashierForgotPasswordPage - Checking New Password Field is Enabled
2026-05-09 01:58:51 [main] INFO  CashierForgotPasswordPage - Checking Confirm Password Field is Enabled
2026-05-09 01:58:51 [main] INFO  CashierForgotPasswordPageTest - Forgot Password Page is Successfully Loaded
2026-05-09 01:58:51 [main] INFO  CashierForgotPasswordPage - Entering Email Address  vikram.joshi209@gmail.com
2026-05-09 01:58:51 [main] INFO  CashierForgotPasswordPageTest - Email Address Entered
2026-05-09 01:58:51 [main] INFO  CashierForgotPasswordPage - Entering Mobile Number  123
2026-05-09 01:58:51 [main] INFO  CashierForgotPasswordPageTest - Mobile Number Entered
2026-05-09 01:58:51 [main] INFO  CashierForgotPasswordPage - Entering New Password Vikram@852
2026-05-09 01:58:51 [main] INFO  CashierForgotPasswordPageTest - New Password Entered
2026-05-09 01:58:51 [main] INFO  CashierForgotPasswordPage - Entering Confirm Password Vikram@852
2026-05-09 01:58:51 [main] INFO  CashierForgotPasswordPageTest - Confirm Password Entered
2026-05-09 01:58:51 [main] INFO  CashierForgotPasswordPage - Clicking on Reset Button
2026-05-09 01:58:52 [main] INFO  CashierForgotPasswordPageTest - Clicked on Reset Button
2026-05-09 01:58:52 [main] INFO  CashierForgotPasswordPageTest - Waiting For Presence of Alert
2026-05-09 01:58:52 [main] INFO  CashierForgotPasswordPageTest - Switching to Alert
2026-05-09 01:58:52 [main] INFO  CashierForgotPasswordPageTest - Browser Closed
2026-05-09 01:58:52 [main] INFO  CashierForgotPasswordPageTest - ========= ENDING TEST: resetToOriginalPasswordTest =========
2026-05-09 01:58:52 [main] INFO  Utils - [TestNG] Time taken by org.testng.reporters.jq.Main@25e49cb2: 202 ms
2026-05-09 01:58:52 [main] INFO  Utils - [TestNG] Time taken by org.testng.reporters.FailedReporter@7c551ad4: 1 ms
2026-05-09 01:58:52 [main] INFO  Utils - [TestNG] Time taken by org.testng.reporters.XMLReporter@1f44ddab: 13 ms
2026-05-09 01:58:52 [main] INFO  Utils - [TestNG] Time taken by org.testng.reporters.EmailableReporter2@6ffa56fa: 6 ms
2026-05-09 01:58:52 [main] INFO  Utils - [TestNG] Time taken by org.testng.reporters.JUnitReportReporter@3fc05ea2: 40 ms
2026-05-09 01:58:52 [main] INFO  Utils - [TestNG] Time taken by org.testng.internal.ExitCodeListener@7c891ba7: 0 ms
2026-05-09 02:16:58 [main] INFO  Utils - [Utils] MethodGroupsHelper.collectMethodsByGroup() took 0 ms.
2026-05-09 02:16:58 [main] INFO  Utils - [Utils] MethodGroupsHelper.sortMethods() took 1 ms.
2026-05-09 02:16:58 [main] INFO  Utils - [Utils] MethodGroupsHelper.collectMethodsByGroup() took 0 ms.
2026-05-09 02:16:58 [main] INFO  Utils - [Utils] MethodGroupsHelper.sortMethods() took 0 ms.
2026-05-09 02:16:58 [main] INFO  Utils - [Utils] MethodGroupsHelper.collectMethodsByGroup() took 0 ms.
2026-05-09 02:16:58 [main] INFO  Utils - [Utils] MethodGroupsHelper.sortMethods() took 0 ms.
2026-05-09 02:16:58 [main] INFO  Utils - [Utils] MethodGroupsHelper.collectMethodsByGroup() took 0 ms.
2026-05-09 02:16:58 [main] INFO  Utils - [Utils] MethodGroupsHelper.sortMethods() took 0 ms.
2026-05-09 02:16:58 [main] INFO  Utils - [Utils] MethodGroupsHelper.collectMethodsByGroup() took 0 ms.
2026-05-09 02:16:58 [main] INFO  Utils - [Utils] MethodGroupsHelper.sortMethods() took 0 ms.
2026-05-09 02:16:58 [main] INFO  Utils - [Utils] MethodGroupsHelper.collectMethodsByGroup() took 0 ms.
2026-05-09 02:16:58 [main] INFO  Utils - [Utils] MethodGroupsHelper.sortMethods() took 0 ms.
2026-05-09 02:16:58 [main] INFO  Utils - [Utils] MethodGroupsHelper.collectMethodsByGroup() took 0 ms.
2026-05-09 02:16:58 [main] INFO  Utils - [Utils] MethodGroupsHelper.sortMethods() took 0 ms.
2026-05-09 02:16:58 [main] INFO  Utils - [Utils] MethodGroupsHelper.collectMethodsByGroup() took 0 ms.
2026-05-09 02:16:58 [main] INFO  Utils - [Utils] MethodGroupsHelper.sortMethods() took 0 ms.
2026-05-09 02:16:58 [main] INFO  Utils - [Utils] MethodGroupsHelper.collectMethodsByGroup() took 13 ms.
2026-05-09 02:16:58 [main] INFO  Utils - [Utils] MethodGroupsHelper.sortMethods() took 36 ms.
2026-05-09 02:16:58 [main] INFO  Utils - [Utils] MethodGroupsHelper.collectMethodsByGroup() took 0 ms.
2026-05-09 02:16:58 [main] INFO  Utils - [Utils] MethodGroupsHelper.sortMethods() took 0 ms.
2026-05-09 02:16:58 [main] INFO  Utils - [Utils] MethodGroupsHelper.collectMethodsByGroup() took 0 ms.
2026-05-09 02:16:58 [main] INFO  Utils - [Utils] MethodGroupsHelper.sortMethods() took 0 ms.
2026-05-09 02:16:58 [main] INFO  Utils - [Utils] MethodGroupsHelper.collectMethodsByGroup() took 0 ms.
2026-05-09 02:16:58 [main] INFO  Utils - [Utils] MethodGroupsHelper.sortMethods() took 0 ms.
2026-05-09 02:16:58 [main] INFO  Utils - [Utils] MethodGroupsHelper.collectMethodsByGroup() took 27 ms.
2026-05-09 02:16:58 [main] INFO  Utils - [Utils] MethodGroupsHelper.sortMethods() took 0 ms.
2026-05-09 02:16:58 [main] INFO  Utils - [Utils] MethodGroupsHelper.collectMethodsByGroup() took 0 ms.
2026-05-09 02:16:58 [main] INFO  Utils - [Utils] MethodGroupsHelper.sortMethods() took 0 ms.
2026-05-09 02:16:58 [main] INFO  Utils - [Utils] MethodGroupsHelper.collectMethodsByGroup() took 0 ms.
2026-05-09 02:16:58 [main] INFO  Utils - [Utils] MethodGroupsHelper.sortMethods() took 0 ms.
2026-05-09 02:16:58 [main] INFO  Utils - [TestNG] Running:
  C:\Users\Admin\AppData\Local\Temp\testng-eclipse--704822231\testng-customsuite.xml

2026-05-09 02:16:58 [main] INFO  Utils - [Utils] DynamicGraphHelper.createDynamicGraph() took 8 ms.
2026-05-09 02:16:58 [main] INFO  CashierForgotPasswordPageTest - ========= STARTING TEST: TC367_verifySQLInjectionAttemptThroughEmailAddressFieldTest =========
2026-05-09 02:16:58 [main] INFO  TestBase - Launching Browser
2026-05-09 02:17:01 [main] INFO  TestBase - Maximizing window
2026-05-09 02:17:01 [main] INFO  TestBase - deleting all cookies
2026-05-09 02:17:01 [main] INFO  TestBase - launching URL
2026-05-09 02:17:04 [main] INFO  TestBase - Homepage Launched
2026-05-09 02:17:04 [main] INFO  CashierForgotPasswordPageTest - Initializing Wait Utils
2026-05-09 02:17:04 [main] INFO  CashierForgotPasswordPageTest - Initializing Soft Asssert
2026-05-09 02:17:04 [main] INFO  CashierForgotPasswordPageTest - Initializing Home Page
2026-05-09 02:17:04 [main] INFO  CashierForgotPasswordPageTest - Checking Cashier Login Link is Clickable
2026-05-09 02:17:04 [main] INFO  Homepage - Checking Cashier Link is Visible
2026-05-09 02:17:04 [main] INFO  Homepage - Cashier link is Visible
2026-05-09 02:17:04 [main] INFO  Homepage - Checking Cashier Link is Clickable
2026-05-09 02:17:04 [main] INFO  Homepage - Cashier Link is Clickable
2026-05-09 02:17:04 [main] INFO  CashierForgotPasswordPageTest - Clicking on Cashier Login Link
2026-05-09 02:17:05 [main] INFO  CashierForgotPasswordPageTest - Navigating to Cashier Login Page
2026-05-09 02:17:05 [main] INFO  CashierForgotPasswordPageTest - Waiting for Visibility of Elements on Cashier Login Page
2026-05-09 02:17:05 [main] INFO  CashierLoginPage - waiting for cashier login page title to be present
2026-05-09 02:17:05 [main] INFO  CashierLoginPage - cashier login page title is present
2026-05-09 02:17:05 [main] INFO  CashierLoginPage - waiting for login button to be clickable
2026-05-09 02:17:05 [main] INFO  CashierLoginPage - log in button is clickable
2026-05-09 02:17:05 [main] INFO  CashierLoginPage - waiting for password input field to be visible
2026-05-09 02:17:05 [main] INFO  CashierLoginPage - password input field is Visible
2026-05-09 02:17:05 [main] INFO  CashierLoginPage - waiting for employee id input field to be visible
2026-05-09 02:17:05 [main] INFO  CashierLoginPage - employee id input field is Visible
2026-05-09 02:17:05 [main] INFO  CashierLoginPage - waiting for password input field to be Clickable
2026-05-09 02:17:05 [main] INFO  CashierLoginPage - password input field is Clickable
2026-05-09 02:17:05 [main] INFO  CashierLoginPage - waiting for employee id input field to be Clickable
2026-05-09 02:17:05 [main] INFO  CashierLoginPage - employee id input field is Clickable
2026-05-09 02:17:05 [main] INFO  CashierForgotPasswordPageTest - Sucessfully Navigated to Cashier Login Page
2026-05-09 02:17:05 [main] INFO  CashierForgotPasswordPageTest - Clicking on Forgot Password Link
2026-05-09 02:17:05 [main] INFO  CashierLoginPage - Clicking on Forgot password link
2026-05-09 02:17:05 [main] INFO  CashierForgotPasswordPageTest - Navigating to Forgot Password Page
2026-05-09 02:17:05 [main] INFO  CashierForgotPasswordPage - Checking Forgot Password Page Title is present
2026-05-09 02:17:05 [main] INFO  CashierForgotPasswordPage - Extracting title of Forgot Password Page
2026-05-09 02:17:06 [main] INFO  CashierForgotPasswordPageTest - Checking Input Fields are Enabled
2026-05-09 02:17:06 [main] INFO  CashierForgotPasswordPage - Checking Email address Field is Enabled
2026-05-09 02:17:06 [main] INFO  CashierForgotPasswordPage - Checking Mobile Number Field is Enabled
2026-05-09 02:17:06 [main] INFO  CashierForgotPasswordPage - Checking New Password Field is Enabled
2026-05-09 02:17:06 [main] INFO  CashierForgotPasswordPage - Checking Confirm Password Field is Enabled
2026-05-09 02:17:06 [main] INFO  CashierForgotPasswordPageTest - Forgot Password Page is Successfully Loaded
2026-05-09 02:17:06 [main] INFO  CashierForgotPasswordPage - Entering Email Address  ' OR 1=1--
2026-05-09 02:17:06 [main] INFO  CashierForgotPasswordPageTest - Email Address Entered
2026-05-09 02:17:06 [main] INFO  CashierForgotPasswordPage - Entering Mobile Number  123
2026-05-09 02:17:06 [main] INFO  CashierForgotPasswordPageTest - Mobile Number Entered
2026-05-09 02:17:06 [main] INFO  CashierForgotPasswordPage - Entering New Password Sagar@19
2026-05-09 02:17:06 [main] INFO  CashierForgotPasswordPageTest - New Password Entered
2026-05-09 02:17:06 [main] INFO  CashierForgotPasswordPage - Entering Confirm Password Sagar@19
2026-05-09 02:17:06 [main] INFO  CashierForgotPasswordPageTest - Confirm Password Entered
2026-05-09 02:17:06 [main] INFO  CashierForgotPasswordPage - Clicking on Reset Button
2026-05-09 02:17:06 [main] INFO  CashierForgotPasswordPageTest - Clicked on Reset Button
2026-05-09 02:17:06 [main] INFO  CashierForgotPasswordPageTest - Waiting For Presence of Alert
2026-05-09 02:17:27 [main] INFO  CashierForgotPasswordPageTest - The Validation Message is Please include an '@' in the email address. '' OR 1=1--' is missing an '@'.
2026-05-09 02:17:27 [main] INFO  CashierForgotPasswordPageTest - Browser Closed
2026-05-09 02:17:27 [main] INFO  CashierForgotPasswordPageTest - ========= ENDING TEST: TC367_verifySQLInjectionAttemptThroughEmailAddressFieldTest =========
2026-05-09 02:17:28 [main] INFO  Utils - [TestNG] Time taken by org.testng.reporters.jq.Main@50d951e7: 265 ms
2026-05-09 02:17:28 [main] INFO  Utils - [TestNG] Time taken by org.testng.reporters.FailedReporter@211febf3: 4 ms
2026-05-09 02:17:28 [main] INFO  Utils - [TestNG] Time taken by org.testng.reporters.XMLReporter@719bb3b4: 15 ms
2026-05-09 02:17:28 [main] INFO  Utils - [TestNG] Time taken by org.testng.reporters.EmailableReporter2@8a98f38: 7 ms
2026-05-09 02:17:28 [main] INFO  Utils - [TestNG] Time taken by org.testng.reporters.JUnitReportReporter@3fbcfe81: 12 ms
2026-05-09 02:17:28 [main] INFO  Utils - [TestNG] Time taken by org.testng.internal.ExitCodeListener@7a1f45ed: 1 ms
2026-05-09 02:21:57 [main] INFO  Utils - [Utils] MethodGroupsHelper.collectMethodsByGroup() took 0 ms.
2026-05-09 02:21:57 [main] INFO  Utils - [Utils] MethodGroupsHelper.sortMethods() took 2 ms.
2026-05-09 02:21:57 [main] INFO  Utils - [Utils] MethodGroupsHelper.collectMethodsByGroup() took 1 ms.
2026-05-09 02:21:57 [main] INFO  Utils - [Utils] MethodGroupsHelper.sortMethods() took 0 ms.
2026-05-09 02:21:57 [main] INFO  Utils - [Utils] MethodGroupsHelper.collectMethodsByGroup() took 0 ms.
2026-05-09 02:21:57 [main] INFO  Utils - [Utils] MethodGroupsHelper.sortMethods() took 0 ms.
2026-05-09 02:21:57 [main] INFO  Utils - [Utils] MethodGroupsHelper.collectMethodsByGroup() took 0 ms.
2026-05-09 02:21:57 [main] INFO  Utils - [Utils] MethodGroupsHelper.sortMethods() took 0 ms.
2026-05-09 02:21:57 [main] INFO  Utils - [Utils] MethodGroupsHelper.collectMethodsByGroup() took 0 ms.
2026-05-09 02:21:57 [main] INFO  Utils - [Utils] MethodGroupsHelper.sortMethods() took 0 ms.
2026-05-09 02:21:57 [main] INFO  Utils - [Utils] MethodGroupsHelper.collectMethodsByGroup() took 0 ms.
2026-05-09 02:21:57 [main] INFO  Utils - [Utils] MethodGroupsHelper.sortMethods() took 0 ms.
2026-05-09 02:21:57 [main] INFO  Utils - [Utils] MethodGroupsHelper.collectMethodsByGroup() took 0 ms.
2026-05-09 02:21:57 [main] INFO  Utils - [Utils] MethodGroupsHelper.sortMethods() took 0 ms.
2026-05-09 02:21:57 [main] INFO  Utils - [Utils] MethodGroupsHelper.collectMethodsByGroup() took 0 ms.
2026-05-09 02:21:57 [main] INFO  Utils - [Utils] MethodGroupsHelper.sortMethods() took 0 ms.
2026-05-09 02:21:58 [main] INFO  Utils - [Utils] MethodGroupsHelper.collectMethodsByGroup() took 14 ms.
2026-05-09 02:21:58 [main] INFO  Utils - [Utils] MethodGroupsHelper.sortMethods() took 33 ms.
2026-05-09 02:21:58 [main] INFO  Utils - [Utils] MethodGroupsHelper.collectMethodsByGroup() took 0 ms.
2026-05-09 02:21:58 [main] INFO  Utils - [Utils] MethodGroupsHelper.sortMethods() took 1 ms.
2026-05-09 02:21:58 [main] INFO  Utils - [Utils] MethodGroupsHelper.collectMethodsByGroup() took 0 ms.
2026-05-09 02:21:58 [main] INFO  Utils - [Utils] MethodGroupsHelper.sortMethods() took 0 ms.
2026-05-09 02:21:58 [main] INFO  Utils - [Utils] MethodGroupsHelper.collectMethodsByGroup() took 0 ms.
2026-05-09 02:21:58 [main] INFO  Utils - [Utils] MethodGroupsHelper.sortMethods() took 0 ms.
2026-05-09 02:21:58 [main] INFO  Utils - [Utils] MethodGroupsHelper.collectMethodsByGroup() took 23 ms.
2026-05-09 02:21:58 [main] INFO  Utils - [Utils] MethodGroupsHelper.sortMethods() took 2 ms.
2026-05-09 02:21:58 [main] INFO  Utils - [Utils] MethodGroupsHelper.collectMethodsByGroup() took 0 ms.
2026-05-09 02:21:58 [main] INFO  Utils - [Utils] MethodGroupsHelper.sortMethods() took 0 ms.
2026-05-09 02:21:58 [main] INFO  Utils - [Utils] MethodGroupsHelper.collectMethodsByGroup() took 0 ms.
2026-05-09 02:21:58 [main] INFO  Utils - [Utils] MethodGroupsHelper.sortMethods() took 0 ms.
2026-05-09 02:21:58 [main] INFO  Utils - [TestNG] Running:
  C:\Users\Admin\AppData\Local\Temp\testng-eclipse--2002799743\testng-customsuite.xml

2026-05-09 02:21:58 [main] INFO  Utils - [Utils] DynamicGraphHelper.createDynamicGraph() took 8 ms.
2026-05-09 02:21:58 [main] INFO  CashierForgotPasswordPageTest - ========= STARTING TEST: TC368_verifySQLInjectionAttemptThroughMobileNumberFieldTest =========
2026-05-09 02:21:58 [main] INFO  TestBase - Launching Browser
2026-05-09 02:22:01 [main] INFO  TestBase - Maximizing window
2026-05-09 02:22:01 [main] INFO  TestBase - deleting all cookies
2026-05-09 02:22:01 [main] INFO  TestBase - launching URL
2026-05-09 02:22:04 [main] INFO  TestBase - Homepage Launched
2026-05-09 02:22:04 [main] INFO  CashierForgotPasswordPageTest - Initializing Wait Utils
2026-05-09 02:22:04 [main] INFO  CashierForgotPasswordPageTest - Initializing Soft Asssert
2026-05-09 02:22:04 [main] INFO  CashierForgotPasswordPageTest - Initializing Home Page
2026-05-09 02:22:04 [main] INFO  CashierForgotPasswordPageTest - Checking Cashier Login Link is Clickable
2026-05-09 02:22:04 [main] INFO  Homepage - Checking Cashier Link is Visible
2026-05-09 02:22:04 [main] INFO  Homepage - Cashier link is Visible
2026-05-09 02:22:04 [main] INFO  Homepage - Checking Cashier Link is Clickable
2026-05-09 02:22:04 [main] INFO  Homepage - Cashier Link is Clickable
2026-05-09 02:22:04 [main] INFO  CashierForgotPasswordPageTest - Clicking on Cashier Login Link
2026-05-09 02:22:05 [main] INFO  CashierForgotPasswordPageTest - Navigating to Cashier Login Page
2026-05-09 02:22:05 [main] INFO  CashierForgotPasswordPageTest - Waiting for Visibility of Elements on Cashier Login Page
2026-05-09 02:22:05 [main] INFO  CashierLoginPage - waiting for cashier login page title to be present
2026-05-09 02:22:05 [main] INFO  CashierLoginPage - cashier login page title is present
2026-05-09 02:22:05 [main] INFO  CashierLoginPage - waiting for login button to be clickable
2026-05-09 02:22:05 [main] INFO  CashierLoginPage - log in button is clickable
2026-05-09 02:22:05 [main] INFO  CashierLoginPage - waiting for password input field to be visible
2026-05-09 02:22:05 [main] INFO  CashierLoginPage - password input field is Visible
2026-05-09 02:22:05 [main] INFO  CashierLoginPage - waiting for employee id input field to be visible
2026-05-09 02:22:05 [main] INFO  CashierLoginPage - employee id input field is Visible
2026-05-09 02:22:05 [main] INFO  CashierLoginPage - waiting for password input field to be Clickable
2026-05-09 02:22:05 [main] INFO  CashierLoginPage - password input field is Clickable
2026-05-09 02:22:05 [main] INFO  CashierLoginPage - waiting for employee id input field to be Clickable
2026-05-09 02:22:05 [main] INFO  CashierLoginPage - employee id input field is Clickable
2026-05-09 02:22:05 [main] INFO  CashierForgotPasswordPageTest - Sucessfully Navigated to Cashier Login Page
2026-05-09 02:22:05 [main] INFO  CashierForgotPasswordPageTest - Clicking on Forgot Password Link
2026-05-09 02:22:05 [main] INFO  CashierLoginPage - Clicking on Forgot password link
2026-05-09 02:22:06 [main] INFO  CashierForgotPasswordPageTest - Navigating to Forgot Password Page
2026-05-09 02:22:06 [main] INFO  CashierForgotPasswordPage - Checking Forgot Password Page Title is present
2026-05-09 02:22:06 [main] INFO  CashierForgotPasswordPage - Extracting title of Forgot Password Page
2026-05-09 02:22:06 [main] INFO  CashierForgotPasswordPageTest - Checking Input Fields are Enabled
2026-05-09 02:22:06 [main] INFO  CashierForgotPasswordPage - Checking Email address Field is Enabled
2026-05-09 02:22:06 [main] INFO  CashierForgotPasswordPage - Checking Mobile Number Field is Enabled
2026-05-09 02:22:06 [main] INFO  CashierForgotPasswordPage - Checking New Password Field is Enabled
2026-05-09 02:22:06 [main] INFO  CashierForgotPasswordPage - Checking Confirm Password Field is Enabled
2026-05-09 02:22:06 [main] INFO  CashierForgotPasswordPageTest - Forgot Password Page is Successfully Loaded
2026-05-09 02:22:06 [main] INFO  CashierForgotPasswordPage - Entering Email Address  vikram.joshi209@gmail.com
2026-05-09 02:22:06 [main] INFO  CashierForgotPasswordPageTest - Email Address Entered
2026-05-09 02:22:06 [main] INFO  CashierForgotPasswordPage - Entering Mobile Number  ' OR '1'='1
2026-05-09 02:22:06 [main] INFO  CashierForgotPasswordPageTest - Mobile Number Entered
2026-05-09 02:22:06 [main] INFO  CashierForgotPasswordPage - Entering New Password Sagar@19
2026-05-09 02:22:06 [main] INFO  CashierForgotPasswordPageTest - New Password Entered
2026-05-09 02:22:06 [main] INFO  CashierForgotPasswordPage - Entering Confirm Password Sagar@19
2026-05-09 02:22:07 [main] INFO  CashierForgotPasswordPageTest - Confirm Password Entered
2026-05-09 02:22:07 [main] INFO  CashierForgotPasswordPage - Clicking on Reset Button
2026-05-09 02:22:07 [main] INFO  CashierForgotPasswordPageTest - Clicked on Reset Button
2026-05-09 02:22:07 [main] INFO  CashierForgotPasswordPageTest - Waiting For Presence of Alert
2026-05-09 02:22:27 [main] INFO  CashierForgotPasswordPageTest - The Validation Message is Please match the format requested.
2026-05-09 02:22:27 [main] INFO  CashierForgotPasswordPageTest - Browser Closed
2026-05-09 02:22:28 [main] INFO  CashierForgotPasswordPageTest - ========= ENDING TEST: TC368_verifySQLInjectionAttemptThroughMobileNumberFieldTest =========
2026-05-09 02:22:28 [main] INFO  Utils - [TestNG] Time taken by org.testng.reporters.jq.Main@2009f9b0: 390 ms
2026-05-09 02:22:28 [main] INFO  Utils - [TestNG] Time taken by org.testng.reporters.FailedReporter@4eb45fec: 1 ms
2026-05-09 02:22:28 [main] INFO  Utils - [TestNG] Time taken by org.testng.reporters.XMLReporter@1416a80a: 12 ms
2026-05-09 02:22:28 [main] INFO  Utils - [TestNG] Time taken by org.testng.reporters.EmailableReporter2@1108adc8: 6 ms
2026-05-09 02:22:28 [main] INFO  Utils - [TestNG] Time taken by org.testng.reporters.JUnitReportReporter@38a1a26: 9 ms
2026-05-09 02:22:28 [main] INFO  Utils - [TestNG] Time taken by org.testng.internal.ExitCodeListener@3fbcfe81: 0 ms
2026-05-09 10:18:22 [main] INFO  Utils - [Utils] MethodGroupsHelper.collectMethodsByGroup() took 0 ms.
2026-05-09 10:18:22 [main] INFO  Utils - [Utils] MethodGroupsHelper.sortMethods() took 2 ms.
2026-05-09 10:18:22 [main] INFO  Utils - [Utils] MethodGroupsHelper.collectMethodsByGroup() took 0 ms.
2026-05-09 10:18:22 [main] INFO  Utils - [Utils] MethodGroupsHelper.sortMethods() took 0 ms.
2026-05-09 10:18:22 [main] INFO  Utils - [Utils] MethodGroupsHelper.collectMethodsByGroup() took 0 ms.
2026-05-09 10:18:22 [main] INFO  Utils - [Utils] MethodGroupsHelper.sortMethods() took 0 ms.
2026-05-09 10:18:22 [main] INFO  Utils - [Utils] MethodGroupsHelper.collectMethodsByGroup() took 0 ms.
2026-05-09 10:18:22 [main] INFO  Utils - [Utils] MethodGroupsHelper.sortMethods() took 0 ms.
2026-05-09 10:18:22 [main] INFO  Utils - [Utils] MethodGroupsHelper.collectMethodsByGroup() took 0 ms.
2026-05-09 10:18:22 [main] INFO  Utils - [Utils] MethodGroupsHelper.sortMethods() took 0 ms.
2026-05-09 10:18:22 [main] INFO  Utils - [Utils] MethodGroupsHelper.collectMethodsByGroup() took 0 ms.
2026-05-09 10:18:22 [main] INFO  Utils - [Utils] MethodGroupsHelper.sortMethods() took 0 ms.
2026-05-09 10:18:22 [main] INFO  Utils - [Utils] MethodGroupsHelper.collectMethodsByGroup() took 0 ms.
2026-05-09 10:18:22 [main] INFO  Utils - [Utils] MethodGroupsHelper.sortMethods() took 0 ms.
2026-05-09 10:18:22 [main] INFO  Utils - [Utils] MethodGroupsHelper.collectMethodsByGroup() took 0 ms.
2026-05-09 10:18:22 [main] INFO  Utils - [Utils] MethodGroupsHelper.sortMethods() took 0 ms.
2026-05-09 10:18:22 [main] INFO  Utils - [Utils] MethodGroupsHelper.collectMethodsByGroup() took 41 ms.
2026-05-09 10:18:22 [main] INFO  Utils - [Utils] MethodGroupsHelper.sortMethods() took 33 ms.
2026-05-09 10:18:22 [main] INFO  Utils - [Utils] MethodGroupsHelper.collectMethodsByGroup() took 0 ms.
2026-05-09 10:18:22 [main] INFO  Utils - [Utils] MethodGroupsHelper.sortMethods() took 0 ms.
2026-05-09 10:18:22 [main] INFO  Utils - [Utils] MethodGroupsHelper.collectMethodsByGroup() took 0 ms.
2026-05-09 10:18:22 [main] INFO  Utils - [Utils] MethodGroupsHelper.sortMethods() took 0 ms.
2026-05-09 10:18:22 [main] INFO  Utils - [Utils] MethodGroupsHelper.collectMethodsByGroup() took 2 ms.
2026-05-09 10:18:22 [main] INFO  Utils - [Utils] MethodGroupsHelper.sortMethods() took 0 ms.
2026-05-09 10:18:22 [main] INFO  Utils - [Utils] MethodGroupsHelper.collectMethodsByGroup() took 50 ms.
2026-05-09 10:18:22 [main] INFO  Utils - [Utils] MethodGroupsHelper.sortMethods() took 2 ms.
2026-05-09 10:18:23 [main] INFO  Utils - [Utils] MethodGroupsHelper.collectMethodsByGroup() took 0 ms.
2026-05-09 10:18:23 [main] INFO  Utils - [Utils] MethodGroupsHelper.sortMethods() took 0 ms.
2026-05-09 10:18:23 [main] INFO  Utils - [Utils] MethodGroupsHelper.collectMethodsByGroup() took 0 ms.
2026-05-09 10:18:23 [main] INFO  Utils - [Utils] MethodGroupsHelper.sortMethods() took 0 ms.
2026-05-09 10:18:23 [main] INFO  Utils - [TestNG] Running:
  C:\Users\Admin\AppData\Local\Temp\testng-eclipse-1822374648\testng-customsuite.xml

2026-05-09 10:18:23 [main] INFO  Utils - [Utils] DynamicGraphHelper.createDynamicGraph() took 17 ms.
2026-05-09 10:18:23 [main] INFO  CashierForgotPasswordPageTest - ========= STARTING TEST: TC374_verifyNavigationandLoadingofForgotPasswordPageTest =========
2026-05-09 10:18:23 [main] INFO  TestBase - Launching Browser
2026-05-09 10:18:27 [main] INFO  TestBase - Maximizing window
2026-05-09 10:18:27 [main] INFO  TestBase - deleting all cookies
2026-05-09 10:18:27 [main] INFO  TestBase - launching URL
2026-05-09 10:18:33 [main] INFO  Utils - [TestNG] Time taken by org.testng.reporters.jq.Main@205b132e: 176 ms
2026-05-09 10:18:33 [main] INFO  Utils - [TestNG] Time taken by org.testng.reporters.FailedReporter@59546cfe: 59 ms
2026-05-09 10:18:33 [main] INFO  Utils - [TestNG] Time taken by org.testng.reporters.XMLReporter@27b000f7: 17 ms
2026-05-09 10:18:33 [main] INFO  Utils - [TestNG] Time taken by org.testng.reporters.EmailableReporter2@de88ac6: 22 ms
2026-05-09 10:18:33 [main] INFO  Utils - [TestNG] Time taken by org.testng.reporters.JUnitReportReporter@78830d9a: 39 ms
2026-05-09 10:18:33 [main] INFO  Utils - [TestNG] Time taken by org.testng.internal.ExitCodeListener@5ce4369b: 0 ms
2026-05-09 10:19:58 [main] INFO  Utils - [Utils] MethodGroupsHelper.collectMethodsByGroup() took 1 ms.
2026-05-09 10:19:58 [main] INFO  Utils - [Utils] MethodGroupsHelper.sortMethods() took 5 ms.
2026-05-09 10:19:58 [main] INFO  Utils - [Utils] MethodGroupsHelper.collectMethodsByGroup() took 0 ms.
2026-05-09 10:19:58 [main] INFO  Utils - [Utils] MethodGroupsHelper.sortMethods() took 0 ms.
2026-05-09 10:19:58 [main] INFO  Utils - [Utils] MethodGroupsHelper.collectMethodsByGroup() took 0 ms.
2026-05-09 10:19:58 [main] INFO  Utils - [Utils] MethodGroupsHelper.sortMethods() took 0 ms.
2026-05-09 10:19:58 [main] INFO  Utils - [Utils] MethodGroupsHelper.collectMethodsByGroup() took 0 ms.
2026-05-09 10:19:58 [main] INFO  Utils - [Utils] MethodGroupsHelper.sortMethods() took 0 ms.
2026-05-09 10:19:58 [main] INFO  Utils - [Utils] MethodGroupsHelper.collectMethodsByGroup() took 0 ms.
2026-05-09 10:19:58 [main] INFO  Utils - [Utils] MethodGroupsHelper.sortMethods() took 0 ms.
2026-05-09 10:19:58 [main] INFO  Utils - [Utils] MethodGroupsHelper.collectMethodsByGroup() took 0 ms.
2026-05-09 10:19:58 [main] INFO  Utils - [Utils] MethodGroupsHelper.sortMethods() took 0 ms.
2026-05-09 10:19:58 [main] INFO  Utils - [Utils] MethodGroupsHelper.collectMethodsByGroup() took 0 ms.
2026-05-09 10:19:58 [main] INFO  Utils - [Utils] MethodGroupsHelper.sortMethods() took 0 ms.
2026-05-09 10:19:58 [main] INFO  Utils - [Utils] MethodGroupsHelper.collectMethodsByGroup() took 0 ms.
2026-05-09 10:19:58 [main] INFO  Utils - [Utils] MethodGroupsHelper.sortMethods() took 0 ms.
2026-05-09 10:19:58 [main] INFO  Utils - [Utils] MethodGroupsHelper.collectMethodsByGroup() took 12 ms.
2026-05-09 10:19:58 [main] INFO  Utils - [Utils] MethodGroupsHelper.sortMethods() took 26 ms.
2026-05-09 10:19:58 [main] INFO  Utils - [Utils] MethodGroupsHelper.collectMethodsByGroup() took 1 ms.
2026-05-09 10:19:58 [main] INFO  Utils - [Utils] MethodGroupsHelper.sortMethods() took 0 ms.
2026-05-09 10:19:58 [main] INFO  Utils - [Utils] MethodGroupsHelper.collectMethodsByGroup() took 0 ms.
2026-05-09 10:19:58 [main] INFO  Utils - [Utils] MethodGroupsHelper.sortMethods() took 0 ms.
2026-05-09 10:19:58 [main] INFO  Utils - [Utils] MethodGroupsHelper.collectMethodsByGroup() took 0 ms.
2026-05-09 10:19:58 [main] INFO  Utils - [Utils] MethodGroupsHelper.sortMethods() took 0 ms.
2026-05-09 10:19:58 [main] INFO  Utils - [Utils] MethodGroupsHelper.collectMethodsByGroup() took 33 ms.
2026-05-09 10:19:58 [main] INFO  Utils - [Utils] MethodGroupsHelper.sortMethods() took 1 ms.
2026-05-09 10:19:58 [main] INFO  Utils - [Utils] MethodGroupsHelper.collectMethodsByGroup() took 0 ms.
2026-05-09 10:19:58 [main] INFO  Utils - [Utils] MethodGroupsHelper.sortMethods() took 0 ms.
2026-05-09 10:19:58 [main] INFO  Utils - [Utils] MethodGroupsHelper.collectMethodsByGroup() took 0 ms.
2026-05-09 10:19:58 [main] INFO  Utils - [Utils] MethodGroupsHelper.sortMethods() took 0 ms.
2026-05-09 10:19:58 [main] INFO  Utils - [TestNG] Running:
  C:\Users\Admin\AppData\Local\Temp\testng-eclipse--754133849\testng-customsuite.xml

2026-05-09 10:19:58 [main] INFO  Utils - [Utils] DynamicGraphHelper.createDynamicGraph() took 10 ms.
2026-05-09 10:19:58 [main] INFO  CashierForgotPasswordPageTest - ========= STARTING TEST: TC374_verifyNavigationandLoadingofForgotPasswordPageTest =========
2026-05-09 10:19:58 [main] INFO  TestBase - Launching Browser
2026-05-09 10:20:01 [main] INFO  TestBase - Maximizing window
2026-05-09 10:20:01 [main] INFO  TestBase - deleting all cookies
2026-05-09 10:20:01 [main] INFO  TestBase - launching URL
2026-05-09 10:20:04 [main] INFO  TestBase - Homepage Launched
2026-05-09 10:20:04 [main] INFO  CashierForgotPasswordPageTest - Initializing Wait Utils
2026-05-09 10:20:04 [main] INFO  CashierForgotPasswordPageTest - Initializing Soft Asssert
2026-05-09 10:20:05 [main] INFO  CashierForgotPasswordPageTest - Initializing Home Page
2026-05-09 10:20:05 [main] INFO  CashierForgotPasswordPageTest - Checking Cashier Login Link is Clickable
2026-05-09 10:20:05 [main] INFO  Homepage - Checking Cashier Link is Visible
2026-05-09 10:20:05 [main] INFO  Homepage - Cashier link is Visible
2026-05-09 10:20:05 [main] INFO  Homepage - Checking Cashier Link is Clickable
2026-05-09 10:20:05 [main] INFO  Homepage - Cashier Link is Clickable
2026-05-09 10:20:05 [main] INFO  CashierForgotPasswordPageTest - Clicking on Cashier Login Link
2026-05-09 10:20:05 [main] INFO  CashierForgotPasswordPageTest - Navigating to Cashier Login Page
2026-05-09 10:20:05 [main] INFO  CashierForgotPasswordPageTest - Waiting for Visibility of Elements on Cashier Login Page
2026-05-09 10:20:05 [main] INFO  CashierLoginPage - waiting for cashier login page title to be present
2026-05-09 10:20:06 [main] INFO  CashierLoginPage - cashier login page title is present
2026-05-09 10:20:06 [main] INFO  CashierLoginPage - waiting for login button to be clickable
2026-05-09 10:20:06 [main] INFO  CashierLoginPage - log in button is clickable
2026-05-09 10:20:06 [main] INFO  CashierLoginPage - waiting for password input field to be visible
2026-05-09 10:20:06 [main] INFO  CashierLoginPage - password input field is Visible
2026-05-09 10:20:06 [main] INFO  CashierLoginPage - waiting for employee id input field to be visible
2026-05-09 10:20:06 [main] INFO  CashierLoginPage - employee id input field is Visible
2026-05-09 10:20:06 [main] INFO  CashierLoginPage - waiting for password input field to be Clickable
2026-05-09 10:20:06 [main] INFO  CashierLoginPage - password input field is Clickable
2026-05-09 10:20:06 [main] INFO  CashierLoginPage - waiting for employee id input field to be Clickable
2026-05-09 10:20:06 [main] INFO  CashierLoginPage - employee id input field is Clickable
2026-05-09 10:20:06 [main] INFO  CashierForgotPasswordPageTest - Sucessfully Navigated to Cashier Login Page
2026-05-09 10:20:06 [main] INFO  CashierForgotPasswordPageTest - Clicking on Forgot Password Link
2026-05-09 10:20:06 [main] INFO  CashierLoginPage - Clicking on Forgot password link
2026-05-09 10:20:06 [main] INFO  CashierForgotPasswordPageTest - Navigating to Forgot Password Page
2026-05-09 10:20:06 [main] INFO  CashierForgotPasswordPage - Checking Forgot Password Page Title is present
2026-05-09 10:20:06 [main] INFO  CashierForgotPasswordPage - Extracting title of Forgot Password Page
2026-05-09 10:20:06 [main] INFO  CashierForgotPasswordPageTest - Checking Input Fields are Enabled
2026-05-09 10:20:06 [main] INFO  CashierForgotPasswordPage - Checking Email address Field is Enabled
2026-05-09 10:20:06 [main] INFO  CashierForgotPasswordPage - Checking Mobile Number Field is Enabled
2026-05-09 10:20:06 [main] INFO  CashierForgotPasswordPage - Checking New Password Field is Enabled
2026-05-09 10:20:06 [main] INFO  CashierForgotPasswordPage - Checking Confirm Password Field is Enabled
2026-05-09 10:20:06 [main] INFO  CashierForgotPasswordPageTest - Forgot Password Page is Successfully Loaded
2026-05-09 10:20:06 [main] INFO  CashierForgotPasswordPageTest - Clicking on Forgot Password Link
2026-05-09 10:20:06 [main] INFO  CashierForgotPasswordPage - Clicking on Forgot Password Link
2026-05-09 10:20:06 [main] INFO  CashierForgotPasswordPageTest - Waiting for elements to be visible on forgot password page
2026-05-09 10:20:06 [main] INFO  CashierForgotPasswordPage - Waiting for visibility of all fields on Forgot Password Page
2026-05-09 10:20:07 [main] INFO  CashierForgotPasswordPage - Waiting for Forgot Password Page title to be present
2026-05-09 10:20:07 [main] INFO  CashierForgotPasswordPage - Checking Forgot Password Page Title is present
2026-05-09 10:20:07 [main] INFO  CashierForgotPasswordPage - Extracting title of Forgot Password Page
2026-05-09 10:20:07 [main] INFO  CashierForgotPasswordPageTest - Checking Input Fields are Enabled
2026-05-09 10:20:07 [main] INFO  CashierForgotPasswordPage - Checking Email address Field is Enabled
2026-05-09 10:20:07 [main] INFO  CashierForgotPasswordPage - Checking Mobile Number Field is Enabled
2026-05-09 10:20:07 [main] INFO  CashierForgotPasswordPage - Checking New Password Field is Enabled
2026-05-09 10:20:07 [main] INFO  CashierForgotPasswordPage - Checking Confirm Password Field is Enabled
2026-05-09 10:20:07 [main] INFO  CashierForgotPasswordPageTest - Browser Closed
2026-05-09 10:20:07 [main] INFO  CashierForgotPasswordPageTest - ========= ENDING TEST: TC374_verifyNavigationandLoadingofForgotPasswordPageTest =========
2026-05-09 10:20:08 [main] INFO  Utils - [TestNG] Time taken by org.testng.reporters.jq.Main@7acfb656: 400 ms
2026-05-09 10:20:08 [main] INFO  Utils - [TestNG] Time taken by org.testng.reporters.FailedReporter@4afd21c6: 1 ms
2026-05-09 10:20:08 [main] INFO  Utils - [TestNG] Time taken by org.testng.reporters.XMLReporter@6bbe50c9: 399 ms
2026-05-09 10:20:08 [main] INFO  Utils - [TestNG] Time taken by org.testng.reporters.EmailableReporter2@2eb917d0: 8 ms
2026-05-09 10:20:08 [main] INFO  Utils - [TestNG] Time taken by org.testng.reporters.JUnitReportReporter@3d278b4d: 32 ms
2026-05-09 10:20:08 [main] INFO  Utils - [TestNG] Time taken by org.testng.internal.ExitCodeListener@4096aa05: 1 ms
2026-05-09 10:44:10 [main] INFO  Utils - [Utils] MethodGroupsHelper.collectMethodsByGroup() took 1 ms.
2026-05-09 10:44:10 [main] INFO  Utils - [Utils] MethodGroupsHelper.sortMethods() took 1 ms.
2026-05-09 10:44:10 [main] INFO  Utils - [Utils] MethodGroupsHelper.collectMethodsByGroup() took 0 ms.
2026-05-09 10:44:10 [main] INFO  Utils - [Utils] MethodGroupsHelper.sortMethods() took 0 ms.
2026-05-09 10:44:10 [main] INFO  Utils - [Utils] MethodGroupsHelper.collectMethodsByGroup() took 0 ms.
2026-05-09 10:44:10 [main] INFO  Utils - [Utils] MethodGroupsHelper.sortMethods() took 0 ms.
2026-05-09 10:44:10 [main] INFO  Utils - [Utils] MethodGroupsHelper.collectMethodsByGroup() took 0 ms.
2026-05-09 10:44:10 [main] INFO  Utils - [Utils] MethodGroupsHelper.sortMethods() took 0 ms.
2026-05-09 10:44:10 [main] INFO  Utils - [Utils] MethodGroupsHelper.collectMethodsByGroup() took 0 ms.
2026-05-09 10:44:10 [main] INFO  Utils - [Utils] MethodGroupsHelper.sortMethods() took 0 ms.
2026-05-09 10:44:10 [main] INFO  Utils - [Utils] MethodGroupsHelper.collectMethodsByGroup() took 0 ms.
2026-05-09 10:44:10 [main] INFO  Utils - [Utils] MethodGroupsHelper.sortMethods() took 0 ms.
2026-05-09 10:44:10 [main] INFO  Utils - [Utils] MethodGroupsHelper.collectMethodsByGroup() took 0 ms.
2026-05-09 10:44:10 [main] INFO  Utils - [Utils] MethodGroupsHelper.sortMethods() took 0 ms.
2026-05-09 10:44:10 [main] INFO  Utils - [Utils] MethodGroupsHelper.collectMethodsByGroup() took 0 ms.
2026-05-09 10:44:10 [main] INFO  Utils - [Utils] MethodGroupsHelper.sortMethods() took 0 ms.
2026-05-09 10:44:11 [main] INFO  Utils - [Utils] MethodGroupsHelper.collectMethodsByGroup() took 11 ms.
2026-05-09 10:44:11 [main] INFO  Utils - [Utils] MethodGroupsHelper.sortMethods() took 38 ms.
2026-05-09 10:44:11 [main] INFO  Utils - [Utils] MethodGroupsHelper.collectMethodsByGroup() took 0 ms.
2026-05-09 10:44:11 [main] INFO  Utils - [Utils] MethodGroupsHelper.sortMethods() took 0 ms.
2026-05-09 10:44:11 [main] INFO  Utils - [Utils] MethodGroupsHelper.collectMethodsByGroup() took 0 ms.
2026-05-09 10:44:11 [main] INFO  Utils - [Utils] MethodGroupsHelper.sortMethods() took 0 ms.
2026-05-09 10:44:11 [main] INFO  Utils - [Utils] MethodGroupsHelper.collectMethodsByGroup() took 0 ms.
2026-05-09 10:44:11 [main] INFO  Utils - [Utils] MethodGroupsHelper.sortMethods() took 0 ms.
2026-05-09 10:44:11 [main] INFO  Utils - [Utils] MethodGroupsHelper.collectMethodsByGroup() took 31 ms.
2026-05-09 10:44:11 [main] INFO  Utils - [Utils] MethodGroupsHelper.sortMethods() took 1 ms.
2026-05-09 10:44:11 [main] INFO  Utils - [Utils] MethodGroupsHelper.collectMethodsByGroup() took 0 ms.
2026-05-09 10:44:11 [main] INFO  Utils - [Utils] MethodGroupsHelper.sortMethods() took 0 ms.
2026-05-09 10:44:11 [main] INFO  Utils - [Utils] MethodGroupsHelper.collectMethodsByGroup() took 0 ms.
2026-05-09 10:44:11 [main] INFO  Utils - [Utils] MethodGroupsHelper.sortMethods() took 0 ms.
2026-05-09 10:44:11 [main] INFO  Utils - [TestNG] Running:
  C:\Users\Admin\AppData\Local\Temp\testng-eclipse--1302946722\testng-customsuite.xml

2026-05-09 10:44:11 [main] INFO  Utils - [Utils] DynamicGraphHelper.createDynamicGraph() took 6 ms.
2026-05-09 10:44:11 [main] INFO  CashierLoginPageTest - ========= STARTING TEST: TC263_verifyNavigationAndWorkingofHomePageLink =========
2026-05-09 10:44:11 [main] INFO  TestBase - Launching Browser
2026-05-09 10:44:14 [main] INFO  TestBase - Maximizing window
2026-05-09 10:44:14 [main] INFO  TestBase - deleting all cookies
2026-05-09 10:44:14 [main] INFO  TestBase - launching URL
2026-05-09 10:44:17 [main] INFO  TestBase - Homepage Launched
2026-05-09 10:44:17 [main] INFO  CashierLoginPageTest - Clicking on Cashier Login Page
2026-05-09 10:44:18 [main] INFO  CashierLoginPageTest - Navigating to Cashier Login Page
2026-05-09 10:44:18 [main] INFO  CashierLoginPage - waiting for cashier login page title to be present
2026-05-09 10:44:18 [main] INFO  CashierLoginPage - cashier login page title is present
2026-05-09 10:44:18 [main] INFO  CashierLoginPage - waiting for login button to be clickable
2026-05-09 10:44:18 [main] INFO  CashierLoginPage - log in button is clickable
2026-05-09 10:44:18 [main] INFO  CashierLoginPage - waiting for password input field to be visible
2026-05-09 10:44:18 [main] INFO  CashierLoginPage - password input field is Visible
2026-05-09 10:44:18 [main] INFO  CashierLoginPage - waiting for employee id input field to be visible
2026-05-09 10:44:18 [main] INFO  CashierLoginPage - employee id input field is Visible
2026-05-09 10:44:18 [main] INFO  CashierLoginPage - waiting for password input field to be Clickable
2026-05-09 10:44:18 [main] INFO  CashierLoginPage - password input field is Clickable
2026-05-09 10:44:18 [main] INFO  CashierLoginPage - waiting for employee id input field to be Clickable
2026-05-09 10:44:18 [main] INFO  CashierLoginPage - employee id input field is Clickable
2026-05-09 10:44:18 [main] INFO  CashierLoginPageTest - Navigated to Cashier Login Page
2026-05-09 10:44:18 [main] INFO  CashierLoginPageTest - Checking Employee id field is Enabled
2026-05-09 10:44:18 [main] INFO  CashierLoginPageTest - Checked Employee id field is Enabled
2026-05-09 10:44:18 [main] INFO  CashierLoginPageTest - Checking Password field is Enabled
2026-05-09 10:44:18 [main] INFO  CashierLoginPageTest - Checked Password field is Enabled
2026-05-09 10:44:18 [main] INFO  CashierLoginPageTest - Checking navigation and working of Homepage Link
2026-05-09 10:44:18 [main] INFO  CashierLoginPageTest - Clicking on Homepage Link
2026-05-09 10:44:18 [main] INFO  CashierLoginPage - Clicking on Homepage link
2026-05-09 10:44:18 [main] INFO  CashierLoginPageTest - Checking New User Link is Clickable
2026-05-09 10:44:18 [main] INFO  Homepage - Checking New User Link is Visible
2026-05-09 10:44:19 [main] INFO  Homepage - New User Link is Visible
2026-05-09 10:44:19 [main] INFO  Homepage - Checking New User Link is Clickable
2026-05-09 10:44:19 [main] INFO  Homepage - New User Link is Clickable
2026-05-09 10:44:19 [main] INFO  CashierLoginPageTest - Checking Cashier Link is Clickable
2026-05-09 10:44:19 [main] INFO  Homepage - Checking Cashier Link is Visible
2026-05-09 10:44:19 [main] INFO  Homepage - Cashier link is Visible
2026-05-09 10:44:19 [main] INFO  Homepage - Checking Cashier Link is Clickable
2026-05-09 10:44:19 [main] INFO  Homepage - Cashier Link is Clickable
2026-05-09 10:44:19 [main] INFO  CashierLoginPageTest - Checking Admin Link is Clickable
2026-05-09 10:44:19 [main] INFO  Homepage - Checking Admin Link is Visible
2026-05-09 10:44:19 [main] INFO  Homepage -  Admin Link is Visible
2026-05-09 10:44:19 [main] INFO  Homepage - Checking Admin Link is Clickable
2026-05-09 10:44:19 [main] INFO  Homepage - Admin Link is Clickable
2026-05-09 10:44:19 [main] INFO  CashierLoginPageTest - Checking application title displayed on Homepage
2026-05-09 10:44:19 [main] INFO  CashierLoginPageTest - HomePage Navigation is successfull
2026-05-09 10:44:19 [main] INFO  CashierLoginPageTest - Browser Closed
2026-05-09 10:44:19 [main] INFO  CashierLoginPageTest - ========= ENDING TEST: TC263_verifyNavigationAndWorkingofHomePageLink =========
2026-05-09 10:44:20 [main] INFO  Utils - [TestNG] Time taken by org.testng.reporters.jq.Main@3effd4f3: 228 ms
2026-05-09 10:44:20 [main] INFO  Utils - [TestNG] Time taken by org.testng.reporters.FailedReporter@514cd540: 1 ms
2026-05-09 10:44:20 [main] INFO  Utils - [TestNG] Time taken by org.testng.reporters.XMLReporter@7c9bdee9: 63 ms
2026-05-09 10:44:20 [main] INFO  Utils - [TestNG] Time taken by org.testng.reporters.EmailableReporter2@73a19967: 6 ms
2026-05-09 10:44:20 [main] INFO  Utils - [TestNG] Time taken by org.testng.reporters.JUnitReportReporter@4016ccc1: 20 ms
2026-05-09 10:44:20 [main] INFO  Utils - [TestNG] Time taken by org.testng.internal.ExitCodeListener@46cb98a3: 0 ms
2026-05-09 10:49:23 [main] INFO  Utils - [Utils] MethodGroupsHelper.collectMethodsByGroup() took 0 ms.
2026-05-09 10:49:23 [main] INFO  Utils - [Utils] MethodGroupsHelper.sortMethods() took 1 ms.
2026-05-09 10:49:23 [main] INFO  Utils - [Utils] MethodGroupsHelper.collectMethodsByGroup() took 0 ms.
2026-05-09 10:49:23 [main] INFO  Utils - [Utils] MethodGroupsHelper.sortMethods() took 0 ms.
2026-05-09 10:49:23 [main] INFO  Utils - [Utils] MethodGroupsHelper.collectMethodsByGroup() took 0 ms.
2026-05-09 10:49:23 [main] INFO  Utils - [Utils] MethodGroupsHelper.sortMethods() took 0 ms.
2026-05-09 10:49:23 [main] INFO  Utils - [Utils] MethodGroupsHelper.collectMethodsByGroup() took 0 ms.
2026-05-09 10:49:23 [main] INFO  Utils - [Utils] MethodGroupsHelper.sortMethods() took 0 ms.
2026-05-09 10:49:23 [main] INFO  Utils - [Utils] MethodGroupsHelper.collectMethodsByGroup() took 0 ms.
2026-05-09 10:49:23 [main] INFO  Utils - [Utils] MethodGroupsHelper.sortMethods() took 0 ms.
2026-05-09 10:49:23 [main] INFO  Utils - [Utils] MethodGroupsHelper.collectMethodsByGroup() took 0 ms.
2026-05-09 10:49:23 [main] INFO  Utils - [Utils] MethodGroupsHelper.sortMethods() took 0 ms.
2026-05-09 10:49:23 [main] INFO  Utils - [Utils] MethodGroupsHelper.collectMethodsByGroup() took 1 ms.
2026-05-09 10:49:23 [main] INFO  Utils - [Utils] MethodGroupsHelper.sortMethods() took 0 ms.
2026-05-09 10:49:23 [main] INFO  Utils - [Utils] MethodGroupsHelper.collectMethodsByGroup() took 0 ms.
2026-05-09 10:49:23 [main] INFO  Utils - [Utils] MethodGroupsHelper.sortMethods() took 0 ms.
2026-05-09 10:49:23 [main] INFO  Utils - [Utils] MethodGroupsHelper.collectMethodsByGroup() took 16 ms.
2026-05-09 10:49:23 [main] INFO  Utils - [Utils] MethodGroupsHelper.sortMethods() took 39 ms.
2026-05-09 10:49:23 [main] INFO  Utils - [Utils] MethodGroupsHelper.collectMethodsByGroup() took 0 ms.
2026-05-09 10:49:23 [main] INFO  Utils - [Utils] MethodGroupsHelper.sortMethods() took 0 ms.
2026-05-09 10:49:23 [main] INFO  Utils - [Utils] MethodGroupsHelper.collectMethodsByGroup() took 0 ms.
2026-05-09 10:49:23 [main] INFO  Utils - [Utils] MethodGroupsHelper.sortMethods() took 0 ms.
2026-05-09 10:49:23 [main] INFO  Utils - [Utils] MethodGroupsHelper.collectMethodsByGroup() took 0 ms.
2026-05-09 10:49:23 [main] INFO  Utils - [Utils] MethodGroupsHelper.sortMethods() took 0 ms.
2026-05-09 10:49:23 [main] INFO  Utils - [Utils] MethodGroupsHelper.collectMethodsByGroup() took 34 ms.
2026-05-09 10:49:23 [main] INFO  Utils - [Utils] MethodGroupsHelper.sortMethods() took 0 ms.
2026-05-09 10:49:23 [main] INFO  Utils - [Utils] MethodGroupsHelper.collectMethodsByGroup() took 0 ms.
2026-05-09 10:49:23 [main] INFO  Utils - [Utils] MethodGroupsHelper.sortMethods() took 0 ms.
2026-05-09 10:49:23 [main] INFO  Utils - [Utils] MethodGroupsHelper.collectMethodsByGroup() took 0 ms.
2026-05-09 10:49:23 [main] INFO  Utils - [Utils] MethodGroupsHelper.sortMethods() took 0 ms.
2026-05-09 10:49:23 [main] INFO  Utils - [TestNG] Running:
  C:\Users\Admin\AppData\Local\Temp\testng-eclipse-1655278658\testng-customsuite.xml

2026-05-09 10:49:23 [main] INFO  Utils - [Utils] DynamicGraphHelper.createDynamicGraph() took 7 ms.
2026-05-09 10:49:23 [main] INFO  CashierForgotPasswordPageTest - ========= STARTING TEST: TC375_verifyNavigationandLoadingofBacktoHomePageLinkTest =========
2026-05-09 10:49:23 [main] INFO  TestBase - Launching Browser
2026-05-09 10:49:26 [main] INFO  TestBase - Maximizing window
2026-05-09 10:49:26 [main] INFO  TestBase - deleting all cookies
2026-05-09 10:49:26 [main] INFO  TestBase - launching URL
2026-05-09 10:49:29 [main] INFO  TestBase - Homepage Launched
2026-05-09 10:49:29 [main] INFO  CashierForgotPasswordPageTest - Initializing Wait Utils
2026-05-09 10:49:29 [main] INFO  CashierForgotPasswordPageTest - Initializing Soft Asssert
2026-05-09 10:49:29 [main] INFO  CashierForgotPasswordPageTest - Initializing Home Page
2026-05-09 10:49:29 [main] INFO  CashierForgotPasswordPageTest - Checking New User Link is Clickable
2026-05-09 10:49:29 [main] INFO  Homepage - Checking New User Link is Visible
2026-05-09 10:49:29 [main] INFO  Homepage - New User Link is Visible
2026-05-09 10:49:29 [main] INFO  Homepage - Checking New User Link is Clickable
2026-05-09 10:49:29 [main] INFO  Homepage - New User Link is Clickable
2026-05-09 10:49:29 [main] INFO  CashierForgotPasswordPageTest - Checking Cashier Link is Clickable
2026-05-09 10:49:29 [main] INFO  Homepage - Checking Cashier Link is Visible
2026-05-09 10:49:29 [main] INFO  Homepage - Cashier link is Visible
2026-05-09 10:49:29 [main] INFO  Homepage - Checking Cashier Link is Clickable
2026-05-09 10:49:29 [main] INFO  Homepage - Cashier Link is Clickable
2026-05-09 10:49:29 [main] INFO  CashierForgotPasswordPageTest - Checking Admin Link is Clickable
2026-05-09 10:49:29 [main] INFO  Homepage - Checking Admin Link is Visible
2026-05-09 10:49:29 [main] INFO  Homepage -  Admin Link is Visible
2026-05-09 10:49:29 [main] INFO  Homepage - Checking Admin Link is Clickable
2026-05-09 10:49:29 [main] INFO  Homepage - Admin Link is Clickable
2026-05-09 10:49:29 [main] INFO  CashierForgotPasswordPageTest - Clicking on Cashier Login Link
2026-05-09 10:49:30 [main] INFO  CashierForgotPasswordPageTest - Navigating to Cashier Login Page
2026-05-09 10:49:30 [main] INFO  CashierForgotPasswordPageTest - Waiting for Visibility of Elements on Cashier Login Page
2026-05-09 10:49:30 [main] INFO  CashierLoginPage - waiting for cashier login page title to be present
2026-05-09 10:49:30 [main] INFO  CashierLoginPage - cashier login page title is present
2026-05-09 10:49:30 [main] INFO  CashierLoginPage - waiting for login button to be clickable
2026-05-09 10:49:30 [main] INFO  CashierLoginPage - log in button is clickable
2026-05-09 10:49:30 [main] INFO  CashierLoginPage - waiting for password input field to be visible
2026-05-09 10:49:30 [main] INFO  CashierLoginPage - password input field is Visible
2026-05-09 10:49:30 [main] INFO  CashierLoginPage - waiting for employee id input field to be visible
2026-05-09 10:49:30 [main] INFO  CashierLoginPage - employee id input field is Visible
2026-05-09 10:49:30 [main] INFO  CashierLoginPage - waiting for password input field to be Clickable
2026-05-09 10:49:30 [main] INFO  CashierLoginPage - password input field is Clickable
2026-05-09 10:49:30 [main] INFO  CashierLoginPage - waiting for employee id input field to be Clickable
2026-05-09 10:49:30 [main] INFO  CashierLoginPage - employee id input field is Clickable
2026-05-09 10:49:30 [main] INFO  CashierForgotPasswordPageTest - Sucessfully Navigated to Cashier Login Page
2026-05-09 10:49:30 [main] INFO  CashierForgotPasswordPageTest - Clicking on Forgot Password Link
2026-05-09 10:49:30 [main] INFO  CashierLoginPage - Clicking on Forgot password link
2026-05-09 10:49:30 [main] INFO  CashierForgotPasswordPageTest - Navigating to Forgot Password Page
2026-05-09 10:49:30 [main] INFO  CashierForgotPasswordPage - Checking Forgot Password Page Title is present
2026-05-09 10:49:30 [main] INFO  CashierForgotPasswordPage - Extracting title of Forgot Password Page
2026-05-09 10:49:30 [main] INFO  CashierForgotPasswordPageTest - Checking Input Fields are Enabled
2026-05-09 10:49:30 [main] INFO  CashierForgotPasswordPage - Checking Email address Field is Enabled
2026-05-09 10:49:31 [main] INFO  CashierForgotPasswordPage - Checking Mobile Number Field is Enabled
2026-05-09 10:49:31 [main] INFO  CashierForgotPasswordPage - Checking New Password Field is Enabled
2026-05-09 10:49:31 [main] INFO  CashierForgotPasswordPage - Checking Confirm Password Field is Enabled
2026-05-09 10:49:31 [main] INFO  CashierForgotPasswordPageTest - Forgot Password Page is Successfully Loaded
2026-05-09 10:49:31 [main] INFO  CashierForgotPasswordPageTest - Clicking on Back to Homepage Link
2026-05-09 10:49:31 [main] INFO  CashierForgotPasswordPage - Clicking on Back to Homepage Link
2026-05-09 10:49:33 [main] INFO  CashierForgotPasswordPageTest - Checking title of Homepage
2026-05-09 10:49:33 [main] INFO  CashierForgotPasswordPageTest - Checking New User Link is Clickable
2026-05-09 10:49:33 [main] INFO  Homepage - Checking New User Link is Visible
2026-05-09 10:49:33 [main] INFO  Homepage - New User Link is Visible
2026-05-09 10:49:33 [main] INFO  Homepage - Checking New User Link is Clickable
2026-05-09 10:49:33 [main] INFO  Homepage - New User Link is Clickable
2026-05-09 10:49:33 [main] INFO  CashierForgotPasswordPageTest - Checking Cashier Link is Clickable
2026-05-09 10:49:33 [main] INFO  Homepage - Checking Cashier Link is Visible
2026-05-09 10:49:33 [main] INFO  Homepage - Cashier link is Visible
2026-05-09 10:49:33 [main] INFO  Homepage - Checking Cashier Link is Clickable
2026-05-09 10:49:33 [main] INFO  Homepage - Cashier Link is Clickable
2026-05-09 10:49:33 [main] INFO  CashierForgotPasswordPageTest - Checking Admin Link is Clickable
2026-05-09 10:49:33 [main] INFO  Homepage - Checking Admin Link is Visible
2026-05-09 10:49:33 [main] INFO  Homepage -  Admin Link is Visible
2026-05-09 10:49:33 [main] INFO  Homepage - Checking Admin Link is Clickable
2026-05-09 10:49:33 [main] INFO  Homepage - Admin Link is Clickable
2026-05-09 10:49:33 [main] INFO  CashierForgotPasswordPageTest - Browser Closed
2026-05-09 10:49:33 [main] INFO  CashierForgotPasswordPageTest - ========= ENDING TEST: TC375_verifyNavigationandLoadingofBacktoHomePageLinkTest =========
2026-05-09 10:49:34 [main] INFO  Utils - [TestNG] Time taken by org.testng.reporters.jq.Main@5580d62f: 350 ms
2026-05-09 10:49:34 [main] INFO  Utils - [TestNG] Time taken by org.testng.reporters.FailedReporter@46a953cf: 3 ms
2026-05-09 10:49:34 [main] INFO  Utils - [TestNG] Time taken by org.testng.reporters.XMLReporter@6137cf6e: 20 ms
2026-05-09 10:49:34 [main] INFO  Utils - [TestNG] Time taken by org.testng.reporters.EmailableReporter2@66c38e51: 6 ms
2026-05-09 10:49:34 [main] INFO  Utils - [TestNG] Time taken by org.testng.reporters.JUnitReportReporter@764cba: 18 ms
2026-05-09 10:49:34 [main] INFO  Utils - [TestNG] Time taken by org.testng.internal.ExitCodeListener@523d6bdb: 0 ms
2026-05-09 10:49:41 [main] INFO  Utils - [Utils] MethodGroupsHelper.collectMethodsByGroup() took 1 ms.
2026-05-09 10:49:41 [main] INFO  Utils - [Utils] MethodGroupsHelper.sortMethods() took 1 ms.
2026-05-09 10:49:41 [main] INFO  Utils - [Utils] MethodGroupsHelper.collectMethodsByGroup() took 0 ms.
2026-05-09 10:49:41 [main] INFO  Utils - [Utils] MethodGroupsHelper.sortMethods() took 0 ms.
2026-05-09 10:49:41 [main] INFO  Utils - [Utils] MethodGroupsHelper.collectMethodsByGroup() took 0 ms.
2026-05-09 10:49:41 [main] INFO  Utils - [Utils] MethodGroupsHelper.sortMethods() took 0 ms.
2026-05-09 10:49:41 [main] INFO  Utils - [Utils] MethodGroupsHelper.collectMethodsByGroup() took 0 ms.
2026-05-09 10:49:41 [main] INFO  Utils - [Utils] MethodGroupsHelper.sortMethods() took 0 ms.
2026-05-09 10:49:41 [main] INFO  Utils - [Utils] MethodGroupsHelper.collectMethodsByGroup() took 0 ms.
2026-05-09 10:49:41 [main] INFO  Utils - [Utils] MethodGroupsHelper.sortMethods() took 0 ms.
2026-05-09 10:49:41 [main] INFO  Utils - [Utils] MethodGroupsHelper.collectMethodsByGroup() took 0 ms.
2026-05-09 10:49:41 [main] INFO  Utils - [Utils] MethodGroupsHelper.sortMethods() took 0 ms.
2026-05-09 10:49:41 [main] INFO  Utils - [Utils] MethodGroupsHelper.collectMethodsByGroup() took 0 ms.
2026-05-09 10:49:41 [main] INFO  Utils - [Utils] MethodGroupsHelper.sortMethods() took 0 ms.
2026-05-09 10:49:41 [main] INFO  Utils - [Utils] MethodGroupsHelper.collectMethodsByGroup() took 0 ms.
2026-05-09 10:49:41 [main] INFO  Utils - [Utils] MethodGroupsHelper.sortMethods() took 0 ms.
2026-05-09 10:49:41 [main] INFO  Utils - [Utils] MethodGroupsHelper.collectMethodsByGroup() took 14 ms.
2026-05-09 10:49:41 [main] INFO  Utils - [Utils] MethodGroupsHelper.sortMethods() took 34 ms.
2026-05-09 10:49:41 [main] INFO  Utils - [Utils] MethodGroupsHelper.collectMethodsByGroup() took 0 ms.
2026-05-09 10:49:41 [main] INFO  Utils - [Utils] MethodGroupsHelper.sortMethods() took 1 ms.
2026-05-09 10:49:42 [main] INFO  Utils - [Utils] MethodGroupsHelper.collectMethodsByGroup() took 0 ms.
2026-05-09 10:49:42 [main] INFO  Utils - [Utils] MethodGroupsHelper.sortMethods() took 0 ms.
2026-05-09 10:49:42 [main] INFO  Utils - [Utils] MethodGroupsHelper.collectMethodsByGroup() took 0 ms.
2026-05-09 10:49:42 [main] INFO  Utils - [Utils] MethodGroupsHelper.sortMethods() took 0 ms.
2026-05-09 10:49:42 [main] INFO  Utils - [Utils] MethodGroupsHelper.collectMethodsByGroup() took 26 ms.
2026-05-09 10:49:42 [main] INFO  Utils - [Utils] MethodGroupsHelper.sortMethods() took 0 ms.
2026-05-09 10:49:42 [main] INFO  Utils - [Utils] MethodGroupsHelper.collectMethodsByGroup() took 0 ms.
2026-05-09 10:49:42 [main] INFO  Utils - [Utils] MethodGroupsHelper.sortMethods() took 0 ms.
2026-05-09 10:49:42 [main] INFO  Utils - [Utils] MethodGroupsHelper.collectMethodsByGroup() took 0 ms.
2026-05-09 10:49:42 [main] INFO  Utils - [Utils] MethodGroupsHelper.sortMethods() took 0 ms.
2026-05-09 10:49:42 [main] INFO  Utils - [TestNG] Running:
  C:\Users\Admin\AppData\Local\Temp\testng-eclipse-90135456\testng-customsuite.xml

2026-05-09 10:49:42 [main] INFO  Utils - [Utils] DynamicGraphHelper.createDynamicGraph() took 5 ms.
2026-05-09 10:49:42 [main] INFO  CashierForgotPasswordPageTest - ========= STARTING TEST: TC375_verifyNavigationandLoadingofBacktoHomePageLinkTest =========
2026-05-09 10:49:42 [main] INFO  TestBase - Launching Browser
2026-05-09 10:49:45 [main] INFO  TestBase - Maximizing window
2026-05-09 10:49:45 [main] INFO  TestBase - deleting all cookies
2026-05-09 10:49:45 [main] INFO  TestBase - launching URL
2026-05-09 10:49:47 [main] INFO  TestBase - Homepage Launched
2026-05-09 10:49:47 [main] INFO  CashierForgotPasswordPageTest - Initializing Wait Utils
2026-05-09 10:49:47 [main] INFO  CashierForgotPasswordPageTest - Initializing Soft Asssert
2026-05-09 10:49:47 [main] INFO  CashierForgotPasswordPageTest - Initializing Home Page
2026-05-09 10:49:47 [main] INFO  CashierForgotPasswordPageTest - Checking New User Link is Clickable
2026-05-09 10:49:47 [main] INFO  Homepage - Checking New User Link is Visible
2026-05-09 10:49:47 [main] INFO  Homepage - New User Link is Visible
2026-05-09 10:49:47 [main] INFO  Homepage - Checking New User Link is Clickable
2026-05-09 10:49:47 [main] INFO  Homepage - New User Link is Clickable
2026-05-09 10:49:47 [main] INFO  CashierForgotPasswordPageTest - Checking Cashier Link is Clickable
2026-05-09 10:49:47 [main] INFO  Homepage - Checking Cashier Link is Visible
2026-05-09 10:49:47 [main] INFO  Homepage - Cashier link is Visible
2026-05-09 10:49:47 [main] INFO  Homepage - Checking Cashier Link is Clickable
2026-05-09 10:49:48 [main] INFO  Homepage - Cashier Link is Clickable
2026-05-09 10:49:48 [main] INFO  CashierForgotPasswordPageTest - Checking Admin Link is Clickable
2026-05-09 10:49:48 [main] INFO  Homepage - Checking Admin Link is Visible
2026-05-09 10:49:48 [main] INFO  Homepage -  Admin Link is Visible
2026-05-09 10:49:48 [main] INFO  Homepage - Checking Admin Link is Clickable
2026-05-09 10:49:48 [main] INFO  Homepage - Admin Link is Clickable
2026-05-09 10:49:48 [main] INFO  CashierForgotPasswordPageTest - Clicking on Cashier Login Link
2026-05-09 10:49:48 [main] INFO  CashierForgotPasswordPageTest - Navigating to Cashier Login Page
2026-05-09 10:49:48 [main] INFO  CashierForgotPasswordPageTest - Waiting for Visibility of Elements on Cashier Login Page
2026-05-09 10:49:48 [main] INFO  CashierLoginPage - waiting for cashier login page title to be present
2026-05-09 10:49:48 [main] INFO  CashierLoginPage - cashier login page title is present
2026-05-09 10:49:48 [main] INFO  CashierLoginPage - waiting for login button to be clickable
2026-05-09 10:49:48 [main] INFO  CashierLoginPage - log in button is clickable
2026-05-09 10:49:48 [main] INFO  CashierLoginPage - waiting for password input field to be visible
2026-05-09 10:49:48 [main] INFO  CashierLoginPage - password input field is Visible
2026-05-09 10:49:48 [main] INFO  CashierLoginPage - waiting for employee id input field to be visible
2026-05-09 10:49:48 [main] INFO  CashierLoginPage - employee id input field is Visible
2026-05-09 10:49:48 [main] INFO  CashierLoginPage - waiting for password input field to be Clickable
2026-05-09 10:49:48 [main] INFO  CashierLoginPage - password input field is Clickable
2026-05-09 10:49:48 [main] INFO  CashierLoginPage - waiting for employee id input field to be Clickable
2026-05-09 10:49:48 [main] INFO  CashierLoginPage - employee id input field is Clickable
2026-05-09 10:49:48 [main] INFO  CashierForgotPasswordPageTest - Sucessfully Navigated to Cashier Login Page
2026-05-09 10:49:48 [main] INFO  CashierForgotPasswordPageTest - Clicking on Forgot Password Link
2026-05-09 10:49:48 [main] INFO  CashierLoginPage - Clicking on Forgot password link
2026-05-09 10:49:49 [main] INFO  CashierForgotPasswordPageTest - Navigating to Forgot Password Page
2026-05-09 10:49:49 [main] INFO  CashierForgotPasswordPage - Checking Forgot Password Page Title is present
2026-05-09 10:49:49 [main] INFO  CashierForgotPasswordPage - Extracting title of Forgot Password Page
2026-05-09 10:49:49 [main] INFO  CashierForgotPasswordPageTest - Checking Input Fields are Enabled
2026-05-09 10:49:49 [main] INFO  CashierForgotPasswordPage - Checking Email address Field is Enabled
2026-05-09 10:49:49 [main] INFO  CashierForgotPasswordPage - Checking Mobile Number Field is Enabled
2026-05-09 10:49:49 [main] INFO  CashierForgotPasswordPage - Checking New Password Field is Enabled
2026-05-09 10:49:49 [main] INFO  CashierForgotPasswordPage - Checking Confirm Password Field is Enabled
2026-05-09 10:49:49 [main] INFO  CashierForgotPasswordPageTest - Forgot Password Page is Successfully Loaded
2026-05-09 10:49:49 [main] INFO  CashierForgotPasswordPageTest - Clicking on Back to Homepage Link
2026-05-09 10:49:49 [main] INFO  CashierForgotPasswordPage - Clicking on Back to Homepage Link
2026-05-09 10:49:51 [main] INFO  CashierForgotPasswordPageTest - Checking title of Homepage
2026-05-09 10:49:51 [main] INFO  CashierForgotPasswordPageTest - Checking New User Link is Clickable
2026-05-09 10:49:51 [main] INFO  Homepage - Checking New User Link is Visible
2026-05-09 10:49:51 [main] INFO  Homepage - New User Link is Visible
2026-05-09 10:49:51 [main] INFO  Homepage - Checking New User Link is Clickable
2026-05-09 10:49:51 [main] INFO  Homepage - New User Link is Clickable
2026-05-09 10:49:51 [main] INFO  CashierForgotPasswordPageTest - Checking Cashier Link is Clickable
2026-05-09 10:49:51 [main] INFO  Homepage - Checking Cashier Link is Visible
2026-05-09 10:49:51 [main] INFO  Homepage - Cashier link is Visible
2026-05-09 10:49:51 [main] INFO  Homepage - Checking Cashier Link is Clickable
2026-05-09 10:49:51 [main] INFO  Homepage - Cashier Link is Clickable
2026-05-09 10:49:51 [main] INFO  CashierForgotPasswordPageTest - Checking Admin Link is Clickable
2026-05-09 10:49:51 [main] INFO  Homepage - Checking Admin Link is Visible
2026-05-09 10:49:51 [main] INFO  Homepage -  Admin Link is Visible
2026-05-09 10:49:51 [main] INFO  Homepage - Checking Admin Link is Clickable
2026-05-09 10:49:51 [main] INFO  Homepage - Admin Link is Clickable
2026-05-09 10:49:51 [main] INFO  CashierForgotPasswordPageTest - Browser Closed
2026-05-09 10:49:52 [main] INFO  CashierForgotPasswordPageTest - ========= ENDING TEST: TC375_verifyNavigationandLoadingofBacktoHomePageLinkTest =========
2026-05-09 10:49:52 [main] INFO  Utils - [TestNG] Time taken by org.testng.reporters.jq.Main@16872c4d: 365 ms
2026-05-09 10:49:52 [main] INFO  Utils - [TestNG] Time taken by org.testng.reporters.FailedReporter@154bd49b: 4 ms
2026-05-09 10:49:52 [main] INFO  Utils - [TestNG] Time taken by org.testng.reporters.XMLReporter@7942a854: 62 ms
2026-05-09 10:49:52 [main] INFO  Utils - [TestNG] Time taken by org.testng.reporters.EmailableReporter2@10641c09: 9 ms
2026-05-09 10:49:52 [main] INFO  Utils - [TestNG] Time taken by org.testng.reporters.JUnitReportReporter@523d6bdb: 6 ms
2026-05-09 10:49:52 [main] INFO  Utils - [TestNG] Time taken by org.testng.internal.ExitCodeListener@58496c97: 0 ms
2026-05-09 10:51:15 [main] INFO  Utils - [Utils] MethodGroupsHelper.collectMethodsByGroup() took 1 ms.
2026-05-09 10:51:15 [main] INFO  Utils - [Utils] MethodGroupsHelper.sortMethods() took 7 ms.
2026-05-09 10:51:15 [main] INFO  Utils - [Utils] MethodGroupsHelper.collectMethodsByGroup() took 0 ms.
2026-05-09 10:51:15 [main] INFO  Utils - [Utils] MethodGroupsHelper.sortMethods() took 0 ms.
2026-05-09 10:51:15 [main] INFO  Utils - [Utils] MethodGroupsHelper.collectMethodsByGroup() took 0 ms.
2026-05-09 10:51:15 [main] INFO  Utils - [Utils] MethodGroupsHelper.sortMethods() took 0 ms.
2026-05-09 10:51:15 [main] INFO  Utils - [Utils] MethodGroupsHelper.collectMethodsByGroup() took 0 ms.
2026-05-09 10:51:15 [main] INFO  Utils - [Utils] MethodGroupsHelper.sortMethods() took 0 ms.
2026-05-09 10:51:15 [main] INFO  Utils - [Utils] MethodGroupsHelper.collectMethodsByGroup() took 0 ms.
2026-05-09 10:51:15 [main] INFO  Utils - [Utils] MethodGroupsHelper.sortMethods() took 0 ms.
2026-05-09 10:51:15 [main] INFO  Utils - [Utils] MethodGroupsHelper.collectMethodsByGroup() took 0 ms.
2026-05-09 10:51:15 [main] INFO  Utils - [Utils] MethodGroupsHelper.sortMethods() took 1 ms.
2026-05-09 10:51:15 [main] INFO  Utils - [Utils] MethodGroupsHelper.collectMethodsByGroup() took 0 ms.
2026-05-09 10:51:15 [main] INFO  Utils - [Utils] MethodGroupsHelper.sortMethods() took 0 ms.
2026-05-09 10:51:15 [main] INFO  Utils - [Utils] MethodGroupsHelper.collectMethodsByGroup() took 0 ms.
2026-05-09 10:51:15 [main] INFO  Utils - [Utils] MethodGroupsHelper.sortMethods() took 1 ms.
2026-05-09 10:51:15 [main] INFO  Utils - [Utils] MethodGroupsHelper.collectMethodsByGroup() took 13 ms.
2026-05-09 10:51:15 [main] INFO  Utils - [Utils] MethodGroupsHelper.sortMethods() took 34 ms.
2026-05-09 10:51:15 [main] INFO  Utils - [Utils] MethodGroupsHelper.collectMethodsByGroup() took 0 ms.
2026-05-09 10:51:15 [main] INFO  Utils - [Utils] MethodGroupsHelper.sortMethods() took 0 ms.
2026-05-09 10:51:15 [main] INFO  Utils - [Utils] MethodGroupsHelper.collectMethodsByGroup() took 0 ms.
2026-05-09 10:51:15 [main] INFO  Utils - [Utils] MethodGroupsHelper.sortMethods() took 0 ms.
2026-05-09 10:51:15 [main] INFO  Utils - [Utils] MethodGroupsHelper.collectMethodsByGroup() took 0 ms.
2026-05-09 10:51:15 [main] INFO  Utils - [Utils] MethodGroupsHelper.sortMethods() took 0 ms.
2026-05-09 10:51:15 [main] INFO  Utils - [Utils] MethodGroupsHelper.collectMethodsByGroup() took 32 ms.
2026-05-09 10:51:15 [main] INFO  Utils - [Utils] MethodGroupsHelper.sortMethods() took 0 ms.
2026-05-09 10:51:15 [main] INFO  Utils - [Utils] MethodGroupsHelper.collectMethodsByGroup() took 0 ms.
2026-05-09 10:51:15 [main] INFO  Utils - [Utils] MethodGroupsHelper.sortMethods() took 0 ms.
2026-05-09 10:51:15 [main] INFO  Utils - [Utils] MethodGroupsHelper.collectMethodsByGroup() took 0 ms.
2026-05-09 10:51:15 [main] INFO  Utils - [Utils] MethodGroupsHelper.sortMethods() took 0 ms.
2026-05-09 10:51:15 [main] INFO  Utils - [TestNG] Running:
  C:\Users\Admin\AppData\Local\Temp\testng-eclipse-759921994\testng-customsuite.xml

2026-05-09 10:51:15 [main] INFO  Utils - [Utils] DynamicGraphHelper.createDynamicGraph() took 7 ms.
2026-05-09 10:51:15 [main] INFO  CashierForgotPasswordPageTest - ========= STARTING TEST: TC363_verifyCashierisAbleToResetPasswordwithLongInputPasswordTest =========
2026-05-09 10:51:15 [main] INFO  TestBase - Launching Browser
2026-05-09 10:51:18 [main] INFO  TestBase - Maximizing window
2026-05-09 10:51:19 [main] INFO  TestBase - deleting all cookies
2026-05-09 10:51:19 [main] INFO  TestBase - launching URL
2026-05-09 10:51:22 [main] INFO  TestBase - Homepage Launched
2026-05-09 10:51:22 [main] INFO  CashierForgotPasswordPageTest - Initializing Wait Utils
2026-05-09 10:51:22 [main] INFO  CashierForgotPasswordPageTest - Initializing Soft Asssert
2026-05-09 10:51:22 [main] INFO  CashierForgotPasswordPageTest - Initializing Home Page
2026-05-09 10:51:22 [main] INFO  CashierForgotPasswordPageTest - Checking New User Link is Clickable
2026-05-09 10:51:22 [main] INFO  Homepage - Checking New User Link is Visible
2026-05-09 10:51:22 [main] INFO  Homepage - New User Link is Visible
2026-05-09 10:51:22 [main] INFO  Homepage - Checking New User Link is Clickable
2026-05-09 10:51:22 [main] INFO  Homepage - New User Link is Clickable
2026-05-09 10:51:22 [main] INFO  CashierForgotPasswordPageTest - Checking Cashier Link is Clickable
2026-05-09 10:51:22 [main] INFO  Homepage - Checking Cashier Link is Visible
2026-05-09 10:51:22 [main] INFO  Homepage - Cashier link is Visible
2026-05-09 10:51:22 [main] INFO  Homepage - Checking Cashier Link is Clickable
2026-05-09 10:51:22 [main] INFO  Homepage - Cashier Link is Clickable
2026-05-09 10:51:22 [main] INFO  CashierForgotPasswordPageTest - Checking Admin Link is Clickable
2026-05-09 10:51:22 [main] INFO  Homepage - Checking Admin Link is Visible
2026-05-09 10:51:22 [main] INFO  Homepage -  Admin Link is Visible
2026-05-09 10:51:22 [main] INFO  Homepage - Checking Admin Link is Clickable
2026-05-09 10:51:22 [main] INFO  Homepage - Admin Link is Clickable
2026-05-09 10:51:22 [main] INFO  CashierForgotPasswordPageTest - Clicking on Cashier Login Link
2026-05-09 10:51:23 [main] INFO  CashierForgotPasswordPageTest - Navigating to Cashier Login Page
2026-05-09 10:51:23 [main] INFO  CashierForgotPasswordPageTest - Waiting for Visibility of Elements on Cashier Login Page
2026-05-09 10:51:23 [main] INFO  CashierLoginPage - waiting for cashier login page title to be present
2026-05-09 10:51:23 [main] INFO  CashierLoginPage - cashier login page title is present
2026-05-09 10:51:23 [main] INFO  CashierLoginPage - waiting for login button to be clickable
2026-05-09 10:51:23 [main] INFO  CashierLoginPage - log in button is clickable
2026-05-09 10:51:23 [main] INFO  CashierLoginPage - waiting for password input field to be visible
2026-05-09 10:51:23 [main] INFO  CashierLoginPage - password input field is Visible
2026-05-09 10:51:23 [main] INFO  CashierLoginPage - waiting for employee id input field to be visible
2026-05-09 10:51:23 [main] INFO  CashierLoginPage - employee id input field is Visible
2026-05-09 10:51:23 [main] INFO  CashierLoginPage - waiting for password input field to be Clickable
2026-05-09 10:51:23 [main] INFO  CashierLoginPage - password input field is Clickable
2026-05-09 10:51:23 [main] INFO  CashierLoginPage - waiting for employee id input field to be Clickable
2026-05-09 10:51:23 [main] INFO  CashierLoginPage - employee id input field is Clickable
2026-05-09 10:51:23 [main] INFO  CashierForgotPasswordPageTest - Sucessfully Navigated to Cashier Login Page
2026-05-09 10:51:23 [main] INFO  CashierForgotPasswordPageTest - Clicking on Forgot Password Link
2026-05-09 10:51:23 [main] INFO  CashierLoginPage - Clicking on Forgot password link
2026-05-09 10:51:23 [main] INFO  CashierForgotPasswordPageTest - Navigating to Forgot Password Page
2026-05-09 10:51:23 [main] INFO  CashierForgotPasswordPage - Checking Forgot Password Page Title is present
2026-05-09 10:51:23 [main] INFO  CashierForgotPasswordPage - Extracting title of Forgot Password Page
2026-05-09 10:51:23 [main] INFO  CashierForgotPasswordPageTest - Checking Input Fields are Enabled
2026-05-09 10:51:23 [main] INFO  CashierForgotPasswordPage - Checking Email address Field is Enabled
2026-05-09 10:51:23 [main] INFO  CashierForgotPasswordPage - Checking Mobile Number Field is Enabled
2026-05-09 10:51:23 [main] INFO  CashierForgotPasswordPage - Checking New Password Field is Enabled
2026-05-09 10:51:23 [main] INFO  CashierForgotPasswordPage - Checking Confirm Password Field is Enabled
2026-05-09 10:51:23 [main] INFO  CashierForgotPasswordPageTest - Forgot Password Page is Successfully Loaded
2026-05-09 10:51:23 [main] INFO  CashierForgotPasswordPage - Entering Email Address  vikram.joshi209@gmail.com
2026-05-09 10:51:24 [main] INFO  CashierForgotPasswordPageTest - Email Address Entered
2026-05-09 10:51:24 [main] INFO  CashierForgotPasswordPage - Entering Mobile Number  123
2026-05-09 10:51:24 [main] INFO  CashierForgotPasswordPageTest - Mobile Number Entered
2026-05-09 10:51:24 [main] INFO  CashierForgotPasswordPage - Entering New Password ABCDEFGHIJKLMNOPQRSTUVWXYZabcdefghijklmnopqrstuvwxyz0123456789ABCDEFGHIJKLMNOPQRSTUVWXYZabcdefghijkl
2026-05-09 10:51:24 [main] INFO  CashierForgotPasswordPageTest - New Password Entered
2026-05-09 10:51:24 [main] INFO  CashierForgotPasswordPage - Entering Confirm Password ABCDEFGHIJKLMNOPQRSTUVWXYZabcdefghijklmnopqrstuvwxyz0123456789ABCDEFGHIJKLMNOPQRSTUVWXYZabcdefghijkl
2026-05-09 10:51:25 [main] INFO  CashierForgotPasswordPageTest - Confirm Password Entered
2026-05-09 10:51:25 [main] INFO  CashierForgotPasswordPage - Clicking on Reset Button
2026-05-09 10:51:25 [main] INFO  CashierForgotPasswordPageTest - Clicked on Reset Button
2026-05-09 10:51:25 [main] INFO  CashierForgotPasswordPageTest - Waiting For Presence of Alert
2026-05-09 10:51:25 [main] INFO  CashierForgotPasswordPageTest - Switching to Alert
2026-05-09 10:51:25 [main] INFO  CashierForgotPasswordPageTest - Browser Closed
2026-05-09 10:51:26 [main] INFO  CashierForgotPasswordPageTest - ========= ENDING TEST: TC363_verifyCashierisAbleToResetPasswordwithLongInputPasswordTest =========
2026-05-09 10:51:26 [main] INFO  Utils - [TestNG] Time taken by org.testng.reporters.jq.Main@23f3dbf0: 289 ms
2026-05-09 10:51:26 [main] INFO  Utils - [TestNG] Time taken by org.testng.reporters.FailedReporter@aa149ed: 1 ms
2026-05-09 10:51:26 [main] INFO  Utils - [TestNG] Time taken by org.testng.reporters.XMLReporter@173797f0: 16 ms
2026-05-09 10:51:26 [main] INFO  Utils - [TestNG] Time taken by org.testng.reporters.EmailableReporter2@73fc518f: 8 ms
2026-05-09 10:51:26 [main] INFO  Utils - [TestNG] Time taken by org.testng.reporters.JUnitReportReporter@4e17913b: 40 ms
2026-05-09 10:51:26 [main] INFO  Utils - [TestNG] Time taken by org.testng.internal.ExitCodeListener@149c3204: 0 ms
2026-05-09 10:51:42 [main] INFO  Utils - [Utils] MethodGroupsHelper.collectMethodsByGroup() took 0 ms.
2026-05-09 10:51:42 [main] INFO  Utils - [Utils] MethodGroupsHelper.sortMethods() took 2 ms.
2026-05-09 10:51:42 [main] INFO  Utils - [Utils] MethodGroupsHelper.collectMethodsByGroup() took 0 ms.
2026-05-09 10:51:42 [main] INFO  Utils - [Utils] MethodGroupsHelper.sortMethods() took 0 ms.
2026-05-09 10:51:42 [main] INFO  Utils - [Utils] MethodGroupsHelper.collectMethodsByGroup() took 0 ms.
2026-05-09 10:51:42 [main] INFO  Utils - [Utils] MethodGroupsHelper.sortMethods() took 0 ms.
2026-05-09 10:51:42 [main] INFO  Utils - [Utils] MethodGroupsHelper.collectMethodsByGroup() took 0 ms.
2026-05-09 10:51:42 [main] INFO  Utils - [Utils] MethodGroupsHelper.sortMethods() took 0 ms.
2026-05-09 10:51:42 [main] INFO  Utils - [Utils] MethodGroupsHelper.collectMethodsByGroup() took 0 ms.
2026-05-09 10:51:42 [main] INFO  Utils - [Utils] MethodGroupsHelper.sortMethods() took 0 ms.
2026-05-09 10:51:42 [main] INFO  Utils - [Utils] MethodGroupsHelper.collectMethodsByGroup() took 0 ms.
2026-05-09 10:51:42 [main] INFO  Utils - [Utils] MethodGroupsHelper.sortMethods() took 0 ms.
2026-05-09 10:51:42 [main] INFO  Utils - [Utils] MethodGroupsHelper.collectMethodsByGroup() took 0 ms.
2026-05-09 10:51:42 [main] INFO  Utils - [Utils] MethodGroupsHelper.sortMethods() took 0 ms.
2026-05-09 10:51:42 [main] INFO  Utils - [Utils] MethodGroupsHelper.collectMethodsByGroup() took 0 ms.
2026-05-09 10:51:42 [main] INFO  Utils - [Utils] MethodGroupsHelper.sortMethods() took 4 ms.
2026-05-09 10:51:42 [main] INFO  Utils - [Utils] MethodGroupsHelper.collectMethodsByGroup() took 13 ms.
2026-05-09 10:51:43 [main] INFO  Utils - [Utils] MethodGroupsHelper.sortMethods() took 36 ms.
2026-05-09 10:51:43 [main] INFO  Utils - [Utils] MethodGroupsHelper.collectMethodsByGroup() took 0 ms.
2026-05-09 10:51:43 [main] INFO  Utils - [Utils] MethodGroupsHelper.sortMethods() took 1 ms.
2026-05-09 10:51:43 [main] INFO  Utils - [Utils] MethodGroupsHelper.collectMethodsByGroup() took 0 ms.
2026-05-09 10:51:43 [main] INFO  Utils - [Utils] MethodGroupsHelper.sortMethods() took 0 ms.
2026-05-09 10:51:43 [main] INFO  Utils - [Utils] MethodGroupsHelper.collectMethodsByGroup() took 0 ms.
2026-05-09 10:51:43 [main] INFO  Utils - [Utils] MethodGroupsHelper.sortMethods() took 0 ms.
2026-05-09 10:51:43 [main] INFO  Utils - [Utils] MethodGroupsHelper.collectMethodsByGroup() took 40 ms.
2026-05-09 10:51:43 [main] INFO  Utils - [Utils] MethodGroupsHelper.sortMethods() took 0 ms.
2026-05-09 10:51:43 [main] INFO  Utils - [Utils] MethodGroupsHelper.collectMethodsByGroup() took 0 ms.
2026-05-09 10:51:43 [main] INFO  Utils - [Utils] MethodGroupsHelper.sortMethods() took 0 ms.
2026-05-09 10:51:43 [main] INFO  Utils - [Utils] MethodGroupsHelper.collectMethodsByGroup() took 0 ms.
2026-05-09 10:51:43 [main] INFO  Utils - [Utils] MethodGroupsHelper.sortMethods() took 1 ms.
2026-05-09 10:51:43 [main] INFO  Utils - [TestNG] Running:
  C:\Users\Admin\AppData\Local\Temp\testng-eclipse-1398867324\testng-customsuite.xml

2026-05-09 10:51:43 [main] INFO  Utils - [Utils] DynamicGraphHelper.createDynamicGraph() took 9 ms.
2026-05-09 10:51:43 [main] INFO  CashierForgotPasswordPageTest - ========= STARTING TEST: resetToOriginalPasswordTest =========
2026-05-09 10:51:43 [main] INFO  TestBase - Launching Browser
2026-05-09 10:51:46 [main] INFO  TestBase - Maximizing window
2026-05-09 10:51:46 [main] INFO  TestBase - deleting all cookies
2026-05-09 10:51:46 [main] INFO  TestBase - launching URL
2026-05-09 10:51:49 [main] INFO  TestBase - Homepage Launched
2026-05-09 10:51:49 [main] INFO  CashierForgotPasswordPageTest - Initializing Wait Utils
2026-05-09 10:51:49 [main] INFO  CashierForgotPasswordPageTest - Initializing Soft Asssert
2026-05-09 10:51:49 [main] INFO  CashierForgotPasswordPageTest - Initializing Home Page
2026-05-09 10:51:49 [main] INFO  CashierForgotPasswordPageTest - Checking New User Link is Clickable
2026-05-09 10:51:49 [main] INFO  Homepage - Checking New User Link is Visible
2026-05-09 10:51:49 [main] INFO  Homepage - New User Link is Visible
2026-05-09 10:51:49 [main] INFO  Homepage - Checking New User Link is Clickable
2026-05-09 10:51:49 [main] INFO  Homepage - New User Link is Clickable
2026-05-09 10:51:49 [main] INFO  CashierForgotPasswordPageTest - Checking Cashier Link is Clickable
2026-05-09 10:51:49 [main] INFO  Homepage - Checking Cashier Link is Visible
2026-05-09 10:51:49 [main] INFO  Homepage - Cashier link is Visible
2026-05-09 10:51:49 [main] INFO  Homepage - Checking Cashier Link is Clickable
2026-05-09 10:51:49 [main] INFO  Homepage - Cashier Link is Clickable
2026-05-09 10:51:49 [main] INFO  CashierForgotPasswordPageTest - Checking Admin Link is Clickable
2026-05-09 10:51:49 [main] INFO  Homepage - Checking Admin Link is Visible
2026-05-09 10:51:49 [main] INFO  Homepage -  Admin Link is Visible
2026-05-09 10:51:49 [main] INFO  Homepage - Checking Admin Link is Clickable
2026-05-09 10:51:49 [main] INFO  Homepage - Admin Link is Clickable
2026-05-09 10:51:49 [main] INFO  CashierForgotPasswordPageTest - Clicking on Cashier Login Link
2026-05-09 10:51:50 [main] INFO  CashierForgotPasswordPageTest - Navigating to Cashier Login Page
2026-05-09 10:51:50 [main] INFO  CashierForgotPasswordPageTest - Waiting for Visibility of Elements on Cashier Login Page
2026-05-09 10:51:50 [main] INFO  CashierLoginPage - waiting for cashier login page title to be present
2026-05-09 10:51:50 [main] INFO  CashierLoginPage - cashier login page title is present
2026-05-09 10:51:50 [main] INFO  CashierLoginPage - waiting for login button to be clickable
2026-05-09 10:51:50 [main] INFO  CashierLoginPage - log in button is clickable
2026-05-09 10:51:50 [main] INFO  CashierLoginPage - waiting for password input field to be visible
2026-05-09 10:51:50 [main] INFO  CashierLoginPage - password input field is Visible
2026-05-09 10:51:50 [main] INFO  CashierLoginPage - waiting for employee id input field to be visible
2026-05-09 10:51:50 [main] INFO  CashierLoginPage - employee id input field is Visible
2026-05-09 10:51:50 [main] INFO  CashierLoginPage - waiting for password input field to be Clickable
2026-05-09 10:51:50 [main] INFO  CashierLoginPage - password input field is Clickable
2026-05-09 10:51:50 [main] INFO  CashierLoginPage - waiting for employee id input field to be Clickable
2026-05-09 10:51:51 [main] INFO  CashierLoginPage - employee id input field is Clickable
2026-05-09 10:51:51 [main] INFO  CashierForgotPasswordPageTest - Sucessfully Navigated to Cashier Login Page
2026-05-09 10:51:51 [main] INFO  CashierForgotPasswordPageTest - Clicking on Forgot Password Link
2026-05-09 10:51:51 [main] INFO  CashierLoginPage - Clicking on Forgot password link
2026-05-09 10:51:51 [main] INFO  CashierForgotPasswordPageTest - Navigating to Forgot Password Page
2026-05-09 10:51:51 [main] INFO  CashierForgotPasswordPage - Checking Forgot Password Page Title is present
2026-05-09 10:51:51 [main] INFO  CashierForgotPasswordPage - Extracting title of Forgot Password Page
2026-05-09 10:51:51 [main] INFO  CashierForgotPasswordPageTest - Checking Input Fields are Enabled
2026-05-09 10:51:51 [main] INFO  CashierForgotPasswordPage - Checking Email address Field is Enabled
2026-05-09 10:51:51 [main] INFO  CashierForgotPasswordPage - Checking Mobile Number Field is Enabled
2026-05-09 10:51:51 [main] INFO  CashierForgotPasswordPage - Checking New Password Field is Enabled
2026-05-09 10:51:51 [main] INFO  CashierForgotPasswordPage - Checking Confirm Password Field is Enabled
2026-05-09 10:51:51 [main] INFO  CashierForgotPasswordPageTest - Forgot Password Page is Successfully Loaded
2026-05-09 10:51:51 [main] INFO  CashierForgotPasswordPage - Entering Email Address  vikram.joshi209@gmail.com
2026-05-09 10:51:51 [main] INFO  CashierForgotPasswordPageTest - Email Address Entered
2026-05-09 10:51:51 [main] INFO  CashierForgotPasswordPage - Entering Mobile Number  123
2026-05-09 10:51:51 [main] INFO  CashierForgotPasswordPageTest - Mobile Number Entered
2026-05-09 10:51:51 [main] INFO  CashierForgotPasswordPage - Entering New Password Vikram@852
2026-05-09 10:51:51 [main] INFO  CashierForgotPasswordPageTest - New Password Entered
2026-05-09 10:51:51 [main] INFO  CashierForgotPasswordPage - Entering Confirm Password Vikram@852
2026-05-09 10:51:52 [main] INFO  CashierForgotPasswordPageTest - Confirm Password Entered
2026-05-09 10:51:52 [main] INFO  CashierForgotPasswordPage - Clicking on Reset Button
2026-05-09 10:51:52 [main] INFO  CashierForgotPasswordPageTest - Clicked on Reset Button
2026-05-09 10:51:52 [main] INFO  CashierForgotPasswordPageTest - Waiting For Presence of Alert
2026-05-09 10:51:52 [main] INFO  CashierForgotPasswordPageTest - Switching to Alert
2026-05-09 10:51:52 [main] INFO  CashierForgotPasswordPageTest - Browser Closed
2026-05-09 10:51:52 [main] INFO  CashierForgotPasswordPageTest - ========= ENDING TEST: resetToOriginalPasswordTest =========
2026-05-09 10:51:53 [main] INFO  Utils - [TestNG] Time taken by org.testng.reporters.jq.Main@7a2b1eb4: 383 ms
2026-05-09 10:51:53 [main] INFO  Utils - [TestNG] Time taken by org.testng.reporters.FailedReporter@10fbbdb: 2 ms
2026-05-09 10:51:53 [main] INFO  Utils - [TestNG] Time taken by org.testng.reporters.XMLReporter@7a34f66a: 16 ms
2026-05-09 10:51:53 [main] INFO  Utils - [TestNG] Time taken by org.testng.reporters.EmailableReporter2@1d0a61c8: 14 ms
2026-05-09 10:51:53 [main] INFO  Utils - [TestNG] Time taken by org.testng.reporters.JUnitReportReporter@151ef57f: 8 ms
2026-05-09 10:51:53 [main] INFO  Utils - [TestNG] Time taken by org.testng.internal.ExitCodeListener@10895b16: 0 ms
2026-05-09 10:54:33 [main] INFO  Utils - [Utils] MethodGroupsHelper.collectMethodsByGroup() took 0 ms.
2026-05-09 10:54:33 [main] INFO  Utils - [Utils] MethodGroupsHelper.sortMethods() took 1 ms.
2026-05-09 10:54:33 [main] INFO  Utils - [Utils] MethodGroupsHelper.collectMethodsByGroup() took 0 ms.
2026-05-09 10:54:33 [main] INFO  Utils - [Utils] MethodGroupsHelper.sortMethods() took 0 ms.
2026-05-09 10:54:33 [main] INFO  Utils - [Utils] MethodGroupsHelper.collectMethodsByGroup() took 0 ms.
2026-05-09 10:54:33 [main] INFO  Utils - [Utils] MethodGroupsHelper.sortMethods() took 0 ms.
2026-05-09 10:54:33 [main] INFO  Utils - [Utils] MethodGroupsHelper.collectMethodsByGroup() took 0 ms.
2026-05-09 10:54:33 [main] INFO  Utils - [Utils] MethodGroupsHelper.sortMethods() took 0 ms.
2026-05-09 10:54:33 [main] INFO  Utils - [Utils] MethodGroupsHelper.collectMethodsByGroup() took 0 ms.
2026-05-09 10:54:33 [main] INFO  Utils - [Utils] MethodGroupsHelper.sortMethods() took 0 ms.
2026-05-09 10:54:33 [main] INFO  Utils - [Utils] MethodGroupsHelper.collectMethodsByGroup() took 0 ms.
2026-05-09 10:54:33 [main] INFO  Utils - [Utils] MethodGroupsHelper.sortMethods() took 0 ms.
2026-05-09 10:54:33 [main] INFO  Utils - [Utils] MethodGroupsHelper.collectMethodsByGroup() took 0 ms.
2026-05-09 10:54:33 [main] INFO  Utils - [Utils] MethodGroupsHelper.sortMethods() took 0 ms.
2026-05-09 10:54:33 [main] INFO  Utils - [Utils] MethodGroupsHelper.collectMethodsByGroup() took 0 ms.
2026-05-09 10:54:33 [main] INFO  Utils - [Utils] MethodGroupsHelper.sortMethods() took 0 ms.
2026-05-09 10:54:34 [main] INFO  Utils - [Utils] MethodGroupsHelper.collectMethodsByGroup() took 13 ms.
2026-05-09 10:54:34 [main] INFO  Utils - [Utils] MethodGroupsHelper.sortMethods() took 33 ms.
2026-05-09 10:54:34 [main] INFO  Utils - [Utils] MethodGroupsHelper.collectMethodsByGroup() took 0 ms.
2026-05-09 10:54:34 [main] INFO  Utils - [Utils] MethodGroupsHelper.sortMethods() took 0 ms.
2026-05-09 10:54:34 [main] INFO  Utils - [Utils] MethodGroupsHelper.collectMethodsByGroup() took 0 ms.
2026-05-09 10:54:34 [main] INFO  Utils - [Utils] MethodGroupsHelper.sortMethods() took 0 ms.
2026-05-09 10:54:34 [main] INFO  Utils - [Utils] MethodGroupsHelper.collectMethodsByGroup() took 0 ms.
2026-05-09 10:54:34 [main] INFO  Utils - [Utils] MethodGroupsHelper.sortMethods() took 0 ms.
2026-05-09 10:54:34 [main] INFO  Utils - [Utils] MethodGroupsHelper.collectMethodsByGroup() took 32 ms.
2026-05-09 10:54:34 [main] INFO  Utils - [Utils] MethodGroupsHelper.sortMethods() took 1 ms.
2026-05-09 10:54:34 [main] INFO  Utils - [Utils] MethodGroupsHelper.collectMethodsByGroup() took 0 ms.
2026-05-09 10:54:34 [main] INFO  Utils - [Utils] MethodGroupsHelper.sortMethods() took 0 ms.
2026-05-09 10:54:34 [main] INFO  Utils - [Utils] MethodGroupsHelper.collectMethodsByGroup() took 0 ms.
2026-05-09 10:54:34 [main] INFO  Utils - [Utils] MethodGroupsHelper.sortMethods() took 0 ms.
2026-05-09 10:54:34 [main] INFO  Utils - [TestNG] Running:
  C:\Users\Admin\AppData\Local\Temp\testng-eclipse-1767097213\testng-customsuite.xml

2026-05-09 10:54:34 [main] INFO  Utils - [Utils] DynamicGraphHelper.createDynamicGraph() took 6 ms.
2026-05-09 10:54:34 [main] INFO  CashierForgotPasswordPageTest - ========= STARTING TEST: TC364_verifyCashierisAbleToResetPasswordwithSpecialCharactersinPasswordTest =========
2026-05-09 10:54:34 [main] INFO  TestBase - Launching Browser
2026-05-09 10:54:37 [main] INFO  TestBase - Maximizing window
2026-05-09 10:54:37 [main] INFO  TestBase - deleting all cookies
2026-05-09 10:54:37 [main] INFO  TestBase - launching URL
2026-05-09 10:54:40 [main] INFO  TestBase - Homepage Launched
2026-05-09 10:54:40 [main] INFO  CashierForgotPasswordPageTest - Initializing Wait Utils
2026-05-09 10:54:40 [main] INFO  CashierForgotPasswordPageTest - Initializing Soft Asssert
2026-05-09 10:54:40 [main] INFO  CashierForgotPasswordPageTest - Initializing Home Page
2026-05-09 10:54:40 [main] INFO  CashierForgotPasswordPageTest - Checking New User Link is Clickable
2026-05-09 10:54:40 [main] INFO  Homepage - Checking New User Link is Visible
2026-05-09 10:54:40 [main] INFO  Homepage - New User Link is Visible
2026-05-09 10:54:40 [main] INFO  Homepage - Checking New User Link is Clickable
2026-05-09 10:54:40 [main] INFO  Homepage - New User Link is Clickable
2026-05-09 10:54:40 [main] INFO  CashierForgotPasswordPageTest - Checking Cashier Link is Clickable
2026-05-09 10:54:40 [main] INFO  Homepage - Checking Cashier Link is Visible
2026-05-09 10:54:40 [main] INFO  Homepage - Cashier link is Visible
2026-05-09 10:54:40 [main] INFO  Homepage - Checking Cashier Link is Clickable
2026-05-09 10:54:41 [main] INFO  Homepage - Cashier Link is Clickable
2026-05-09 10:54:41 [main] INFO  CashierForgotPasswordPageTest - Checking Admin Link is Clickable
2026-05-09 10:54:41 [main] INFO  Homepage - Checking Admin Link is Visible
2026-05-09 10:54:41 [main] INFO  Homepage -  Admin Link is Visible
2026-05-09 10:54:41 [main] INFO  Homepage - Checking Admin Link is Clickable
2026-05-09 10:54:41 [main] INFO  Homepage - Admin Link is Clickable
2026-05-09 10:54:41 [main] INFO  CashierForgotPasswordPageTest - Clicking on Cashier Login Link
2026-05-09 10:54:41 [main] INFO  CashierForgotPasswordPageTest - Navigating to Cashier Login Page
2026-05-09 10:54:41 [main] INFO  CashierForgotPasswordPageTest - Waiting for Visibility of Elements on Cashier Login Page
2026-05-09 10:54:41 [main] INFO  CashierLoginPage - waiting for cashier login page title to be present
2026-05-09 10:54:41 [main] INFO  CashierLoginPage - cashier login page title is present
2026-05-09 10:54:41 [main] INFO  CashierLoginPage - waiting for login button to be clickable
2026-05-09 10:54:41 [main] INFO  CashierLoginPage - log in button is clickable
2026-05-09 10:54:41 [main] INFO  CashierLoginPage - waiting for password input field to be visible
2026-05-09 10:54:42 [main] INFO  CashierLoginPage - password input field is Visible
2026-05-09 10:54:42 [main] INFO  CashierLoginPage - waiting for employee id input field to be visible
2026-05-09 10:54:42 [main] INFO  CashierLoginPage - employee id input field is Visible
2026-05-09 10:54:42 [main] INFO  CashierLoginPage - waiting for password input field to be Clickable
2026-05-09 10:54:42 [main] INFO  CashierLoginPage - password input field is Clickable
2026-05-09 10:54:42 [main] INFO  CashierLoginPage - waiting for employee id input field to be Clickable
2026-05-09 10:54:42 [main] INFO  CashierLoginPage - employee id input field is Clickable
2026-05-09 10:54:42 [main] INFO  CashierForgotPasswordPageTest - Sucessfully Navigated to Cashier Login Page
2026-05-09 10:54:42 [main] INFO  CashierForgotPasswordPageTest - Clicking on Forgot Password Link
2026-05-09 10:54:42 [main] INFO  CashierLoginPage - Clicking on Forgot password link
2026-05-09 10:54:42 [main] INFO  CashierForgotPasswordPageTest - Navigating to Forgot Password Page
2026-05-09 10:54:42 [main] INFO  CashierForgotPasswordPage - Checking Forgot Password Page Title is present
2026-05-09 10:54:42 [main] INFO  CashierForgotPasswordPage - Extracting title of Forgot Password Page
2026-05-09 10:54:42 [main] INFO  CashierForgotPasswordPageTest - Checking Input Fields are Enabled
2026-05-09 10:54:42 [main] INFO  CashierForgotPasswordPage - Checking Email address Field is Enabled
2026-05-09 10:54:42 [main] INFO  CashierForgotPasswordPage - Checking Mobile Number Field is Enabled
2026-05-09 10:54:42 [main] INFO  CashierForgotPasswordPage - Checking New Password Field is Enabled
2026-05-09 10:54:42 [main] INFO  CashierForgotPasswordPage - Checking Confirm Password Field is Enabled
2026-05-09 10:54:42 [main] INFO  CashierForgotPasswordPageTest - Forgot Password Page is Successfully Loaded
2026-05-09 10:54:42 [main] INFO  CashierForgotPasswordPage - Entering Email Address  vikram.joshi209@gmail.com
2026-05-09 10:54:42 [main] INFO  CashierForgotPasswordPageTest - Email Address Entered
2026-05-09 10:54:42 [main] INFO  CashierForgotPasswordPage - Entering Mobile Number  123
2026-05-09 10:54:42 [main] INFO  CashierForgotPasswordPageTest - Mobile Number Entered
2026-05-09 10:54:42 [main] INFO  CashierForgotPasswordPage - Entering New Password Ab@x#K!p$Q
2026-05-09 10:54:43 [main] INFO  CashierForgotPasswordPageTest - New Password Entered
2026-05-09 10:54:43 [main] INFO  CashierForgotPasswordPage - Entering Confirm Password Ab@x#K!p$Q
2026-05-09 10:54:43 [main] INFO  CashierForgotPasswordPageTest - Confirm Password Entered
2026-05-09 10:54:43 [main] INFO  CashierForgotPasswordPage - Clicking on Reset Button
2026-05-09 10:54:43 [main] INFO  CashierForgotPasswordPageTest - Clicked on Reset Button
2026-05-09 10:54:43 [main] INFO  CashierForgotPasswordPageTest - Waiting For Presence of Alert
2026-05-09 10:54:43 [main] INFO  CashierForgotPasswordPageTest - Switching to Alert
2026-05-09 10:54:43 [main] INFO  CashierForgotPasswordPageTest - Browser Closed
2026-05-09 10:54:44 [main] INFO  CashierForgotPasswordPageTest - ========= ENDING TEST: TC364_verifyCashierisAbleToResetPasswordwithSpecialCharactersinPasswordTest =========
2026-05-09 10:54:44 [main] INFO  Utils - [TestNG] Time taken by org.testng.reporters.jq.Main@23f3dbf0: 385 ms
2026-05-09 10:54:44 [main] INFO  Utils - [TestNG] Time taken by org.testng.reporters.FailedReporter@aa149ed: 1 ms
2026-05-09 10:54:44 [main] INFO  Utils - [TestNG] Time taken by org.testng.reporters.XMLReporter@173797f0: 24 ms
2026-05-09 10:54:44 [main] INFO  Utils - [TestNG] Time taken by org.testng.reporters.EmailableReporter2@73fc518f: 8 ms
2026-05-09 10:54:44 [main] INFO  Utils - [TestNG] Time taken by org.testng.reporters.JUnitReportReporter@4e17913b: 7 ms
2026-05-09 10:54:44 [main] INFO  Utils - [TestNG] Time taken by org.testng.internal.ExitCodeListener@149c3204: 0 ms
2026-05-09 10:56:39 [main] INFO  Utils - [Utils] MethodGroupsHelper.collectMethodsByGroup() took 0 ms.
2026-05-09 10:56:39 [main] INFO  Utils - [Utils] MethodGroupsHelper.sortMethods() took 2 ms.
2026-05-09 10:56:39 [main] INFO  Utils - [Utils] MethodGroupsHelper.collectMethodsByGroup() took 0 ms.
2026-05-09 10:56:39 [main] INFO  Utils - [Utils] MethodGroupsHelper.sortMethods() took 0 ms.
2026-05-09 10:56:39 [main] INFO  Utils - [Utils] MethodGroupsHelper.collectMethodsByGroup() took 0 ms.
2026-05-09 10:56:39 [main] INFO  Utils - [Utils] MethodGroupsHelper.sortMethods() took 0 ms.
2026-05-09 10:56:39 [main] INFO  Utils - [Utils] MethodGroupsHelper.collectMethodsByGroup() took 0 ms.
2026-05-09 10:56:39 [main] INFO  Utils - [Utils] MethodGroupsHelper.sortMethods() took 0 ms.
2026-05-09 10:56:39 [main] INFO  Utils - [Utils] MethodGroupsHelper.collectMethodsByGroup() took 0 ms.
2026-05-09 10:56:39 [main] INFO  Utils - [Utils] MethodGroupsHelper.sortMethods() took 0 ms.
2026-05-09 10:56:39 [main] INFO  Utils - [Utils] MethodGroupsHelper.collectMethodsByGroup() took 0 ms.
2026-05-09 10:56:39 [main] INFO  Utils - [Utils] MethodGroupsHelper.sortMethods() took 0 ms.
2026-05-09 10:56:39 [main] INFO  Utils - [Utils] MethodGroupsHelper.collectMethodsByGroup() took 0 ms.
2026-05-09 10:56:39 [main] INFO  Utils - [Utils] MethodGroupsHelper.sortMethods() took 0 ms.
2026-05-09 10:56:39 [main] INFO  Utils - [Utils] MethodGroupsHelper.collectMethodsByGroup() took 0 ms.
2026-05-09 10:56:39 [main] INFO  Utils - [Utils] MethodGroupsHelper.sortMethods() took 0 ms.
2026-05-09 10:56:39 [main] INFO  Utils - [Utils] MethodGroupsHelper.collectMethodsByGroup() took 6 ms.
2026-05-09 10:56:39 [main] INFO  Utils - [Utils] MethodGroupsHelper.sortMethods() took 35 ms.
2026-05-09 10:56:39 [main] INFO  Utils - [Utils] MethodGroupsHelper.collectMethodsByGroup() took 1 ms.
2026-05-09 10:56:39 [main] INFO  Utils - [Utils] MethodGroupsHelper.sortMethods() took 0 ms.
2026-05-09 10:56:39 [main] INFO  Utils - [Utils] MethodGroupsHelper.collectMethodsByGroup() took 0 ms.
2026-05-09 10:56:39 [main] INFO  Utils - [Utils] MethodGroupsHelper.sortMethods() took 0 ms.
2026-05-09 10:56:39 [main] INFO  Utils - [Utils] MethodGroupsHelper.collectMethodsByGroup() took 0 ms.
2026-05-09 10:56:39 [main] INFO  Utils - [Utils] MethodGroupsHelper.sortMethods() took 0 ms.
2026-05-09 10:56:39 [main] INFO  Utils - [Utils] MethodGroupsHelper.collectMethodsByGroup() took 32 ms.
2026-05-09 10:56:39 [main] INFO  Utils - [Utils] MethodGroupsHelper.sortMethods() took 1 ms.
2026-05-09 10:56:39 [main] INFO  Utils - [Utils] MethodGroupsHelper.collectMethodsByGroup() took 0 ms.
2026-05-09 10:56:39 [main] INFO  Utils - [Utils] MethodGroupsHelper.sortMethods() took 0 ms.
2026-05-09 10:56:39 [main] INFO  Utils - [Utils] MethodGroupsHelper.collectMethodsByGroup() took 0 ms.
2026-05-09 10:56:39 [main] INFO  Utils - [Utils] MethodGroupsHelper.sortMethods() took 0 ms.
2026-05-09 10:56:39 [main] INFO  Utils - [TestNG] Running:
  C:\Users\Admin\AppData\Local\Temp\testng-eclipse--178007692\testng-customsuite.xml

2026-05-09 10:56:40 [main] INFO  Utils - [Utils] DynamicGraphHelper.createDynamicGraph() took 9 ms.
2026-05-09 10:56:40 [main] INFO  CashierForgotPasswordPageTest - ========= STARTING TEST: resetToOriginalPasswordTest =========
2026-05-09 10:56:40 [main] INFO  TestBase - Launching Browser
2026-05-09 10:56:43 [main] INFO  TestBase - Maximizing window
2026-05-09 10:56:43 [main] INFO  TestBase - deleting all cookies
2026-05-09 10:56:43 [main] INFO  TestBase - launching URL
2026-05-09 10:56:46 [main] INFO  TestBase - Homepage Launched
2026-05-09 10:56:46 [main] INFO  CashierForgotPasswordPageTest - Initializing Wait Utils
2026-05-09 10:56:46 [main] INFO  CashierForgotPasswordPageTest - Initializing Soft Asssert
2026-05-09 10:56:46 [main] INFO  CashierForgotPasswordPageTest - Initializing Home Page
2026-05-09 10:56:46 [main] INFO  CashierForgotPasswordPageTest - Checking New User Link is Clickable
2026-05-09 10:56:46 [main] INFO  Homepage - Checking New User Link is Visible
2026-05-09 10:56:46 [main] INFO  Homepage - New User Link is Visible
2026-05-09 10:56:46 [main] INFO  Homepage - Checking New User Link is Clickable
2026-05-09 10:56:46 [main] INFO  Homepage - New User Link is Clickable
2026-05-09 10:56:46 [main] INFO  CashierForgotPasswordPageTest - Checking Cashier Link is Clickable
2026-05-09 10:56:46 [main] INFO  Homepage - Checking Cashier Link is Visible
2026-05-09 10:56:46 [main] INFO  Homepage - Cashier link is Visible
2026-05-09 10:56:46 [main] INFO  Homepage - Checking Cashier Link is Clickable
2026-05-09 10:56:46 [main] INFO  Homepage - Cashier Link is Clickable
2026-05-09 10:56:46 [main] INFO  CashierForgotPasswordPageTest - Checking Admin Link is Clickable
2026-05-09 10:56:46 [main] INFO  Homepage - Checking Admin Link is Visible
2026-05-09 10:56:46 [main] INFO  Homepage -  Admin Link is Visible
2026-05-09 10:56:46 [main] INFO  Homepage - Checking Admin Link is Clickable
2026-05-09 10:56:46 [main] INFO  Homepage - Admin Link is Clickable
2026-05-09 10:56:46 [main] INFO  CashierForgotPasswordPageTest - Clicking on Cashier Login Link
2026-05-09 10:56:48 [main] INFO  CashierForgotPasswordPageTest - Navigating to Cashier Login Page
2026-05-09 10:56:48 [main] INFO  CashierForgotPasswordPageTest - Waiting for Visibility of Elements on Cashier Login Page
2026-05-09 10:56:48 [main] INFO  CashierLoginPage - waiting for cashier login page title to be present
2026-05-09 10:56:48 [main] INFO  CashierLoginPage - cashier login page title is present
2026-05-09 10:56:48 [main] INFO  CashierLoginPage - waiting for login button to be clickable
2026-05-09 10:56:48 [main] INFO  CashierLoginPage - log in button is clickable
2026-05-09 10:56:48 [main] INFO  CashierLoginPage - waiting for password input field to be visible
2026-05-09 10:56:48 [main] INFO  CashierLoginPage - password input field is Visible
2026-05-09 10:56:48 [main] INFO  CashierLoginPage - waiting for employee id input field to be visible
2026-05-09 10:56:48 [main] INFO  CashierLoginPage - employee id input field is Visible
2026-05-09 10:56:48 [main] INFO  CashierLoginPage - waiting for password input field to be Clickable
2026-05-09 10:56:48 [main] INFO  CashierLoginPage - password input field is Clickable
2026-05-09 10:56:48 [main] INFO  CashierLoginPage - waiting for employee id input field to be Clickable
2026-05-09 10:56:48 [main] INFO  CashierLoginPage - employee id input field is Clickable
2026-05-09 10:56:48 [main] INFO  CashierForgotPasswordPageTest - Sucessfully Navigated to Cashier Login Page
2026-05-09 10:56:48 [main] INFO  CashierForgotPasswordPageTest - Clicking on Forgot Password Link
2026-05-09 10:56:48 [main] INFO  CashierLoginPage - Clicking on Forgot password link
2026-05-09 10:56:48 [main] INFO  CashierForgotPasswordPageTest - Navigating to Forgot Password Page
2026-05-09 10:56:48 [main] INFO  CashierForgotPasswordPage - Checking Forgot Password Page Title is present
2026-05-09 10:56:48 [main] INFO  CashierForgotPasswordPage - Extracting title of Forgot Password Page
2026-05-09 10:56:48 [main] INFO  CashierForgotPasswordPageTest - Checking Input Fields are Enabled
2026-05-09 10:56:48 [main] INFO  CashierForgotPasswordPage - Checking Email address Field is Enabled
2026-05-09 10:56:49 [main] INFO  CashierForgotPasswordPage - Checking Mobile Number Field is Enabled
2026-05-09 10:56:49 [main] INFO  CashierForgotPasswordPage - Checking New Password Field is Enabled
2026-05-09 10:56:49 [main] INFO  CashierForgotPasswordPage - Checking Confirm Password Field is Enabled
2026-05-09 10:56:49 [main] INFO  CashierForgotPasswordPageTest - Forgot Password Page is Successfully Loaded
2026-05-09 10:56:49 [main] INFO  CashierForgotPasswordPage - Entering Email Address  vikram.joshi209@gmail.com
2026-05-09 10:56:49 [main] INFO  CashierForgotPasswordPageTest - Email Address Entered
2026-05-09 10:56:49 [main] INFO  CashierForgotPasswordPage - Entering Mobile Number  123
2026-05-09 10:56:49 [main] INFO  CashierForgotPasswordPageTest - Mobile Number Entered
2026-05-09 10:56:49 [main] INFO  CashierForgotPasswordPage - Entering New Password Vikram@852
2026-05-09 10:56:49 [main] INFO  CashierForgotPasswordPageTest - New Password Entered
2026-05-09 10:56:49 [main] INFO  CashierForgotPasswordPage - Entering Confirm Password Vikram@852
2026-05-09 10:56:49 [main] INFO  CashierForgotPasswordPageTest - Confirm Password Entered
2026-05-09 10:56:49 [main] INFO  CashierForgotPasswordPage - Clicking on Reset Button
2026-05-09 10:56:50 [main] INFO  CashierForgotPasswordPageTest - Clicked on Reset Button
2026-05-09 10:56:50 [main] INFO  CashierForgotPasswordPageTest - Waiting For Presence of Alert
2026-05-09 10:56:50 [main] INFO  CashierForgotPasswordPageTest - Switching to Alert
2026-05-09 10:56:50 [main] INFO  CashierForgotPasswordPageTest - Browser Closed
2026-05-09 10:56:50 [main] INFO  CashierForgotPasswordPageTest - ========= ENDING TEST: resetToOriginalPasswordTest =========
2026-05-09 10:56:50 [main] INFO  Utils - [TestNG] Time taken by org.testng.reporters.jq.Main@7a2b1eb4: 250 ms
2026-05-09 10:56:50 [main] INFO  Utils - [TestNG] Time taken by org.testng.reporters.FailedReporter@10fbbdb: 2 ms
2026-05-09 10:56:50 [main] INFO  Utils - [TestNG] Time taken by org.testng.reporters.XMLReporter@7a34f66a: 20 ms
2026-05-09 10:56:50 [main] INFO  Utils - [TestNG] Time taken by org.testng.reporters.EmailableReporter2@1d0a61c8: 9 ms
2026-05-09 10:56:50 [main] INFO  Utils - [TestNG] Time taken by org.testng.reporters.JUnitReportReporter@151ef57f: 8 ms
2026-05-09 10:56:50 [main] INFO  Utils - [TestNG] Time taken by org.testng.internal.ExitCodeListener@10895b16: 0 ms
2026-05-09 11:06:29 [main] INFO  Utils - [Utils] MethodGroupsHelper.collectMethodsByGroup() took 0 ms.
2026-05-09 11:06:29 [main] INFO  Utils - [Utils] MethodGroupsHelper.sortMethods() took 2 ms.
2026-05-09 11:06:29 [main] INFO  Utils - [Utils] MethodGroupsHelper.collectMethodsByGroup() took 0 ms.
2026-05-09 11:06:29 [main] INFO  Utils - [Utils] MethodGroupsHelper.sortMethods() took 0 ms.
2026-05-09 11:06:29 [main] INFO  Utils - [Utils] MethodGroupsHelper.collectMethodsByGroup() took 0 ms.
2026-05-09 11:06:29 [main] INFO  Utils - [Utils] MethodGroupsHelper.sortMethods() took 0 ms.
2026-05-09 11:06:29 [main] INFO  Utils - [Utils] MethodGroupsHelper.collectMethodsByGroup() took 0 ms.
2026-05-09 11:06:29 [main] INFO  Utils - [Utils] MethodGroupsHelper.sortMethods() took 0 ms.
2026-05-09 11:06:29 [main] INFO  Utils - [Utils] MethodGroupsHelper.collectMethodsByGroup() took 0 ms.
2026-05-09 11:06:29 [main] INFO  Utils - [Utils] MethodGroupsHelper.sortMethods() took 0 ms.
2026-05-09 11:06:29 [main] INFO  Utils - [Utils] MethodGroupsHelper.collectMethodsByGroup() took 0 ms.
2026-05-09 11:06:29 [main] INFO  Utils - [Utils] MethodGroupsHelper.sortMethods() took 0 ms.
2026-05-09 11:06:29 [main] INFO  Utils - [Utils] MethodGroupsHelper.collectMethodsByGroup() took 0 ms.
2026-05-09 11:06:29 [main] INFO  Utils - [Utils] MethodGroupsHelper.sortMethods() took 0 ms.
2026-05-09 11:06:29 [main] INFO  Utils - [Utils] MethodGroupsHelper.collectMethodsByGroup() took 0 ms.
2026-05-09 11:06:29 [main] INFO  Utils - [Utils] MethodGroupsHelper.sortMethods() took 0 ms.
2026-05-09 11:06:29 [main] INFO  Utils - [Utils] MethodGroupsHelper.collectMethodsByGroup() took 16 ms.
2026-05-09 11:06:29 [main] INFO  Utils - [Utils] MethodGroupsHelper.sortMethods() took 28 ms.
2026-05-09 11:06:29 [main] INFO  Utils - [Utils] MethodGroupsHelper.collectMethodsByGroup() took 0 ms.
2026-05-09 11:06:29 [main] INFO  Utils - [Utils] MethodGroupsHelper.sortMethods() took 0 ms.
2026-05-09 11:06:29 [main] INFO  Utils - [Utils] MethodGroupsHelper.collectMethodsByGroup() took 0 ms.
2026-05-09 11:06:29 [main] INFO  Utils - [Utils] MethodGroupsHelper.sortMethods() took 0 ms.
2026-05-09 11:06:29 [main] INFO  Utils - [Utils] MethodGroupsHelper.collectMethodsByGroup() took 0 ms.
2026-05-09 11:06:29 [main] INFO  Utils - [Utils] MethodGroupsHelper.sortMethods() took 0 ms.
2026-05-09 11:06:29 [main] INFO  Utils - [Utils] MethodGroupsHelper.collectMethodsByGroup() took 30 ms.
2026-05-09 11:06:29 [main] INFO  Utils - [Utils] MethodGroupsHelper.sortMethods() took 1 ms.
2026-05-09 11:06:29 [main] INFO  Utils - [Utils] MethodGroupsHelper.collectMethodsByGroup() took 0 ms.
2026-05-09 11:06:29 [main] INFO  Utils - [Utils] MethodGroupsHelper.sortMethods() took 0 ms.
2026-05-09 11:06:29 [main] INFO  Utils - [Utils] MethodGroupsHelper.collectMethodsByGroup() took 0 ms.
2026-05-09 11:06:29 [main] INFO  Utils - [Utils] MethodGroupsHelper.sortMethods() took 0 ms.
2026-05-09 11:06:29 [main] INFO  Utils - [TestNG] Running:
  C:\Users\Admin\AppData\Local\Temp\testng-eclipse--220135790\testng-customsuite.xml

2026-05-09 11:06:29 [main] INFO  Utils - [Utils] DynamicGraphHelper.createDynamicGraph() took 12 ms.
2026-05-09 11:06:29 [main] INFO  CashierForgotPasswordPageTest - ========= STARTING TEST: resetToOriginalPasswordTest =========
2026-05-09 11:06:29 [main] INFO  TestBase - Launching Browser
2026-05-09 11:06:32 [main] INFO  TestBase - Maximizing window
2026-05-09 11:06:33 [main] INFO  TestBase - deleting all cookies
2026-05-09 11:06:33 [main] INFO  TestBase - launching URL
2026-05-09 11:06:36 [main] INFO  TestBase - Homepage Launched
2026-05-09 11:06:36 [main] INFO  CashierForgotPasswordPageTest - Initializing Wait Utils
2026-05-09 11:06:36 [main] INFO  CashierForgotPasswordPageTest - Initializing Soft Asssert
2026-05-09 11:06:36 [main] INFO  CashierForgotPasswordPageTest - Initializing Home Page
2026-05-09 11:06:36 [main] INFO  CashierForgotPasswordPageTest - Checking New User Link is Clickable
2026-05-09 11:06:36 [main] INFO  Homepage - Checking New User Link is Visible
2026-05-09 11:06:36 [main] INFO  Homepage - New User Link is Visible
2026-05-09 11:06:36 [main] INFO  Homepage - Checking New User Link is Clickable
2026-05-09 11:06:36 [main] INFO  Homepage - New User Link is Clickable
2026-05-09 11:06:36 [main] INFO  CashierForgotPasswordPageTest - Checking Cashier Link is Clickable
2026-05-09 11:06:36 [main] INFO  Homepage - Checking Cashier Link is Visible
2026-05-09 11:06:36 [main] INFO  Homepage - Cashier link is Visible
2026-05-09 11:06:36 [main] INFO  Homepage - Checking Cashier Link is Clickable
2026-05-09 11:06:36 [main] INFO  Homepage - Cashier Link is Clickable
2026-05-09 11:06:36 [main] INFO  CashierForgotPasswordPageTest - Checking Admin Link is Clickable
2026-05-09 11:06:36 [main] INFO  Homepage - Checking Admin Link is Visible
2026-05-09 11:06:36 [main] INFO  Homepage -  Admin Link is Visible
2026-05-09 11:06:36 [main] INFO  Homepage - Checking Admin Link is Clickable
2026-05-09 11:06:36 [main] INFO  Homepage - Admin Link is Clickable
2026-05-09 11:06:36 [main] INFO  CashierForgotPasswordPageTest - Clicking on Cashier Login Link
2026-05-09 11:06:37 [main] INFO  CashierForgotPasswordPageTest - Navigating to Cashier Login Page
2026-05-09 11:06:37 [main] INFO  CashierForgotPasswordPageTest - Waiting for Visibility of Elements on Cashier Login Page
2026-05-09 11:06:37 [main] INFO  CashierLoginPage - waiting for cashier login page title to be present
2026-05-09 11:06:37 [main] INFO  CashierLoginPage - cashier login page title is present
2026-05-09 11:06:37 [main] INFO  CashierLoginPage - waiting for login button to be clickable
2026-05-09 11:06:37 [main] INFO  CashierLoginPage - log in button is clickable
2026-05-09 11:06:37 [main] INFO  CashierLoginPage - waiting for password input field to be visible
2026-05-09 11:06:37 [main] INFO  CashierLoginPage - password input field is Visible
2026-05-09 11:06:37 [main] INFO  CashierLoginPage - waiting for employee id input field to be visible
2026-05-09 11:06:37 [main] INFO  CashierLoginPage - employee id input field is Visible
2026-05-09 11:06:37 [main] INFO  CashierLoginPage - waiting for password input field to be Clickable
2026-05-09 11:06:37 [main] INFO  CashierLoginPage - password input field is Clickable
2026-05-09 11:06:37 [main] INFO  CashierLoginPage - waiting for employee id input field to be Clickable
2026-05-09 11:06:37 [main] INFO  CashierLoginPage - employee id input field is Clickable
2026-05-09 11:06:37 [main] INFO  CashierForgotPasswordPageTest - Sucessfully Navigated to Cashier Login Page
2026-05-09 11:06:37 [main] INFO  CashierForgotPasswordPageTest - Clicking on Forgot Password Link
2026-05-09 11:06:37 [main] INFO  CashierLoginPage - Clicking on Forgot password link
2026-05-09 11:06:38 [main] INFO  CashierForgotPasswordPageTest - Navigating to Forgot Password Page
2026-05-09 11:06:38 [main] INFO  CashierForgotPasswordPage - Checking Forgot Password Page Title is present
2026-05-09 11:06:38 [main] INFO  CashierForgotPasswordPage - Extracting title of Forgot Password Page
2026-05-09 11:06:38 [main] INFO  CashierForgotPasswordPageTest - Checking Input Fields are Enabled
2026-05-09 11:06:38 [main] INFO  CashierForgotPasswordPage - Checking Email address Field is Enabled
2026-05-09 11:06:38 [main] INFO  CashierForgotPasswordPage - Checking Mobile Number Field is Enabled
2026-05-09 11:06:38 [main] INFO  CashierForgotPasswordPage - Checking New Password Field is Enabled
2026-05-09 11:06:38 [main] INFO  CashierForgotPasswordPage - Checking Confirm Password Field is Enabled
2026-05-09 11:06:38 [main] INFO  CashierForgotPasswordPageTest - Forgot Password Page is Successfully Loaded
2026-05-09 11:06:38 [main] INFO  CashierForgotPasswordPage - Entering Email Address  vikram.joshi209@gmail.com
2026-05-09 11:06:38 [main] INFO  CashierForgotPasswordPageTest - Email Address Entered
2026-05-09 11:06:38 [main] INFO  CashierForgotPasswordPage - Entering Mobile Number  123
2026-05-09 11:06:38 [main] INFO  CashierForgotPasswordPageTest - Mobile Number Entered
2026-05-09 11:06:38 [main] INFO  CashierForgotPasswordPage - Entering New Password Vikram@852
2026-05-09 11:06:38 [main] INFO  CashierForgotPasswordPageTest - New Password Entered
2026-05-09 11:06:38 [main] INFO  CashierForgotPasswordPage - Entering Confirm Password Vikram@852
2026-05-09 11:06:39 [main] INFO  CashierForgotPasswordPageTest - Confirm Password Entered
2026-05-09 11:06:39 [main] INFO  CashierForgotPasswordPage - Clicking on Reset Button
2026-05-09 11:06:39 [main] INFO  CashierForgotPasswordPageTest - Clicked on Reset Button
2026-05-09 11:06:39 [main] INFO  CashierForgotPasswordPageTest - Waiting For Presence of Alert
2026-05-09 11:06:39 [main] INFO  CashierForgotPasswordPageTest - Switching to Alert
2026-05-09 11:06:39 [main] INFO  CashierForgotPasswordPageTest - Browser Closed
2026-05-09 11:06:39 [main] INFO  CashierForgotPasswordPageTest - ========= ENDING TEST: resetToOriginalPasswordTest =========
2026-05-09 11:06:40 [main] INFO  Utils - [TestNG] Time taken by org.testng.reporters.jq.Main@444cc791: 202 ms
2026-05-09 11:06:40 [main] INFO  Utils - [TestNG] Time taken by org.testng.reporters.FailedReporter@2eb917d0: 4 ms
2026-05-09 11:06:40 [main] INFO  Utils - [TestNG] Time taken by org.testng.reporters.XMLReporter@71466383: 12 ms
2026-05-09 11:06:40 [main] INFO  Utils - [TestNG] Time taken by org.testng.reporters.EmailableReporter2@23f3dbf0: 6 ms
2026-05-09 11:06:40 [main] INFO  Utils - [TestNG] Time taken by org.testng.reporters.JUnitReportReporter@165e389b: 8 ms
2026-05-09 11:06:40 [main] INFO  Utils - [TestNG] Time taken by org.testng.internal.ExitCodeListener@5c73f672: 0 ms
